XOXOXOX  ,10
XOXOXOOXX,10
XOXOXOOX ,10
XOXOXOXXO,10
XOXOXO XO,10
XOXOXO X ,10
XOXOXO  X,10
XOXOXO   ,10
XOXOXXOOX,10
XOXOXXOO ,10
XOXOXXOXO,0
XOXOXXO O,0
XOXOXXO  ,0
XOXOX OXO,0
XOXOX OX ,0
XOXOX O X,10
XOXOX O  ,10
XOXOXXXOO,10
XOXOXX OO,10
XOXOXX O ,10
XOXOX XO ,10
XOXOX  OX,10
XOXOX  O ,10
XOXOXX  O,0
XOXOX X O,10
XOXOX  XO,0
XOXOX   O,10
XOXOX    ,10
XOXOOXXO ,-10
XOXOOXXXO,0
XOXOOXX O,0
XOXOOXX  ,-10
XOXOOXOXX,10
XOXOOXOX ,10
XOXOOX XO,0
XOXOOX X ,0
XOXOOX  X,10
XOXOOX   ,10
XOXO XOXO,0
XOXO XOX ,0
XOXO XO X,10
XOXO XO  ,10
XOXO XXOO,10
XOXO XXO ,-10
XOXO X OX,10
XOXO X O ,10
XOXO XX O,0
XOXO X XO,0
XOXO X  O,0
XOXO X   ,0
XOXOOOXX ,-10
XOXOO XXO,0
XOXOO XX ,-10
XOXOOOX X,-10
XOXOO XOX,-10
XOXOO X X,-10
XOXOO X  ,-10
XOXO OXXO,10
XOXO OXX ,-10
XOXOXOXOX,10
XOXO OXOX,10
XOXO OX X,-10
XOXO OX  ,10
XOXO  XOX,-10
XOXO  XO ,10
XOXO  XXO,0
XOXO  X O,10
XOXO  X  ,-10
XOXOOO XX,-10
XOXOO OXX,10
XOXOO  XX,-10
XOXOO  X ,0
XOXO OOXX,10
XOXO O XX,-10
XOXO O X ,10
XOXO  OXX,10
XOXO  OX ,10
XOXO   XO,0
XOXO   X ,0
XOXOO   X,10
XOXO O  X,10
XOXO  O X,10
XOXO   OX,10
XOXO    X,10
XOXO     ,10
XOXXOOX  ,10
XOXXOOOXX,0
XOXXOOOX ,0
XOXXOOXXO,10
XOXXOO XO,10
XOXXOO X ,0
XOXXOOO X,0
XOXXOO OX,-10
XOXXOO  X,-10
XOXXOO   ,10
XOXXOXOO ,-10
XOXXOXOXO,0
XOXXOXO O,0
XOXXOXO  ,-10
XOXXO OXO,0
XOXXO OX ,0
XOXXO OOX,-10
XOXXO O X,-10
XOXXO O  ,0
XOXXO  O ,-10
XOXXOX OO,-10
XOXXOX  O,-10
XOXXO X O,10
XOXXO  XO,0
XOXXO   O,10
XOXXO    ,-10
XOX OXOXO,0
XOX OXOX ,0
XOX OXO X,10
XOX OXO  ,10
XOX OX O ,-10
XOX OXXOO,-10
XOX OXX O,-10
XOX OX XO,0
XOX OX  O,0
XOX OX   ,-10
XOX OOXXO,10
XOX OOXX ,-10
XOX OOXOX,-10
XOX OOX X,-10
XOX OOX  ,10
XOX O XO ,-10
XOX O XXO,0
XOX O X O,10
XOX O X  ,-10
XOX OOOXX,0
XOX OO XX,-10
XOX OO X ,0
XOX O OXX,0
XOX O OX ,0
XOX O  XO,0
XOX O  X ,0
XOX OO  X,-10
XOX O O X,10
XOX O  OX,-10
XOX O   X,-10
XOX O    ,0
XOXXXOOOX,10
XOXXXOOO ,10
XOXXXOOXO,0
XOXXXOO O,0
XOXXXOO  ,0
XOXX OOXO,0
XOXX OOX ,0
XOXX OOOX,10
XOXX OO X,0
XOXX OO  ,0
XOXXXOXOO,10
XOXXXO OO,10
XOXXXO O ,10
XOXX OXO ,10
XOXX O OX,-10
XOXX O O ,10
XOXXXO  O,0
XOXX OX O,10
XOXX O XO,0
XOXX O  O,10
XOXX O   ,0
XOX XOOXO,0
XOX XOOX ,0
XOX XOO X,10
XOX XOO  ,10
XOX XOXO ,10
XOX XO OX,10
XOX XO O ,10
XOX XOX O,10
XOX XO XO,0
XOX XO  O,10
XOX XO   ,10
XOX  OXOX,-10
XOX  OXO ,10
XOX  OXXO,10
XOX  OX O,10
XOX  OX  ,10
XOX  OOXX,0
XOX  OOX ,0
XOX  O XO,10
XOX  O X ,0
XOX  OO X,10
XOX  O OX,10
XOX  O  X,-10
XOX  O   ,10
XOXXX OOO,-10
XOXXX OO ,-10
XOXX XOOO,-10
XOXX XOO ,-10
XOXX  OOX,-10
XOXX  OO ,-10
XOXXX O O,-10
XOXX XO O,-10
XOXX  OXO,0
XOXX  O O,0
XOXX  O  ,-10
XOX XXOOO,-10
XOX XXOO ,-10
XOX X OOX,10
XOX X OO ,10
XOX XXO O,-10
XOX X OXO,0
XOX X O O,0
XOX X O  ,0
XOX  XOOX,10
XOX  XOO ,10
XOX  XOXO,0
XOX  XO O,0
XOX  XO  ,0
XOX   OXO,0
XOX   OX ,0
XOX   OOX,10
XOX   O X,10
XOX   O  ,10
XOXXX  OO,-10
XOXX X OO,-10
XOXX  XOO,10
XOXX   OO,10
XOXX   O ,-10
XOX XX OO,-10
XOX X XOO,10
XOX X  OO,10
XOX X  O ,10
XOX  XXOO,-10
XOX  X OO,-10
XOX  X O ,-10
XOX   XOO,10
XOX   XO ,-10
XOX    OX,-10
XOX    O ,10
XOXX    O,0
XOX X   O,0
XOX  X  O,-10
XOX   X O,10
XOX    XO,0
XOX     O,10
XOX      ,0
XOOXXOX  ,10
XOOXXOOXX,10
XOOXXOOX ,10
XOOXXO XO,-10
XOOXXO X ,-10
XOOXXO  X,10
XOOXXO   ,10
XOOXXXO  ,10
XOOXXXOXO,10
XOOXX OXO,10
XOOXX OX ,10
XOOXX O X,10
XOOXX O  ,10
XOOXXX O ,10
XOOXX XO ,10
XOOXX  OX,10
XOOXX  O ,10
XOOXXX  O,10
XOOXX X O,10
XOOXX  XO,-10
XOOXX   O,10
XOOXX    ,10
XOOXOXX  ,10
XOOXOXOX ,-10
XOOXOXXXO,10
XOOXOX XO,10
XOOXOX X ,-10
XOOXOXO X,-10
XOOXOX OX,-10
XOOXOX  X,-10
XOOXOX   ,10
XOOX XOXO,10
XOOX XOX ,-10
XOOXXXOOX,10
XOOX XOOX,10
XOOX XO X,-10
XOOX XO  ,10
XOOX XXO ,10
XOOX X OX,-10
XOOX X O ,10
XOOX XX O,10
XOOX X XO,10
XOOX X  O,10
XOOX X   ,10
XOOX  X  ,10
XOOXO XX ,10
XOOXOOXXX,10
XOOXOO XX,10
XOOXO OXX,-10
XOOXO  XX,-10
XOOXO  X ,10
XOOX OXX ,10
XOOX OOXX,10
XOOX O XX,10
XOOX O X ,10
XOOX  OXX,-10
XOOX  OX ,10
XOOX  XXO,10
XOOX   XO,10
XOOX   X ,10
XOOXO X X,10
XOOXO   X,10
XOOX OX X,10
XOOX O  X,10
XOOX  O X,10
XOOX  XOX,10
XOOX   OX,10
XOOX    X,10
XOOX     ,10
XO XOXOXO,0
XO XOXOX ,-10
XO XOXOOX,-10
XO XOXO X,-10
XO XOXO  ,-10
XO XOX O ,-10
XO XOXX O,10
XO XOX XO,0
XO XOX  O,10
XO XOX   ,-10
XO XO X  ,10
XO XOOXX ,10
XO XOOOXX,0
XO XOO XX,0
XO XOO X ,10
XO XO OXX,-10
XO XO OX ,0
XO XO XXO,10
XO XO  XO,10
XO XO  X ,0
XO XOOX X,10
XO XOO  X,10
XO XO O X,-10
XO XO  OX,-10
XO XO   X,-10
XO XO    ,10
XO XXOOXO,0
XO XXOOX ,0
XO XXOO X,10
XO XXOO  ,10
XO XXOXO ,10
XO XXO OX,10
XO XXO O ,10
XO XXOX O,10
XO XXO XO,-10
XO XXO  O,10
XO XXO   ,10
XO X OX  ,10
XO X OOXX,0
XO X OOX ,0
XO X OXXO,10
XO X O XO,10
XO X O X ,0
XO X OO X,10
XO X OXOX,10
XO X O OX,10
XO X O  X,10
XO X O   ,10
XO XXXOO ,10
XO XX OOX,10
XO XX OO ,10
XO XXXO O,10
XO XX OXO,0
XO XX O O,10
XO XX O  ,10
XO X XOOX,-10
XO X XOO ,10
XO X XOXO,0
XO X XO O,10
XO X XO  ,-10
XO X  OXO,0
XO X  OX ,0
XO X  OOX,10
XO X  O X,-10
XO X  O  ,10
XO XXX OO,10
XO XX XOO,10
XO XX  OO,10
XO XX  O ,10
XO X XXOO,10
XO X X OO,10
XO X X O ,-10
XO X  XO ,10
XO X   OX,-10
XO X   O ,10
XO XX   O,10
XO X X  O,10
XO X  X O,10
XO X   XO,0
XO X    O,10
XO X     ,10
XOOOXXXOX,10
XOOOXXXO ,10
XOOOXXXXO,0
XOOOXXX O,0
XOOOXXX  ,0
XOOOXXOXX,10
XOOOXXOX ,10
XOOOXX XO,0
XOOOXX X ,0
XOOOXX  X,10
XOOOXX   ,10
XOO XXOXO,10
XOO XXOX ,10
XOO XXO X,10
XOO XXO  ,10
XOOXXXXOO,10
XOO XXXOO,10
XOO XXXO ,10
XOO XX OX,10
XOO XX O ,10
XOO XXX O,0
XOO XX XO,0
XOO XX  O,10
XOO XX   ,10
XOOOXOXXX,10
XOOOXOXX ,10
XOOOX XXO,0
XOOOX XX ,0
XOOOX X X,10
XOOOX X  ,10
XOO XOXXO,-10
XOO XOXX ,-10
XOO XOX X,10
XOO XOX  ,10
XOO X XOX,10
XOO X XO ,10
XOO X XXO,-10
XOO X X O,10
XOO X X  ,10
XOOOX  XX,10
XOOOX  X ,10
XOO XO XX,10
XOO XO X ,10
XOO X OXX,10
XOO X OX ,10
XOO X  XO,0
XOO X  X ,0
XOO X   X,10
XOO X    ,10
XO OXXOXO,0
XO OXXOX ,0
XO OXXO X,10
XO OXXO  ,10
XO OXXXOO,10
XO OXXXO ,10
XO OXX OX,10
XO OXX O ,10
XO OXXX O,0
XO OXX XO,0
XO OXX  O,0
XO OXX   ,0
XO OXOXXO,10
XO OXOXX ,10
XO OXOX X,10
XO OXOX  ,10
XO OX XOX,10
XO OX XO ,10
XO OX XXO,0
XO OX X O,10
XO OX X  ,10
XO OXO XX,10
XO OXO X ,10
XO OX OXX,10
XO OX OX ,10
XO OX  XO,0
XO OX  X ,0
XO OX   X,10
XO OX    ,10
XO  XOXOX,10
XO  XOXO ,10
XO  XOXXO,-10
XO  XOX O,10
XO  XOX  ,10
XO  XOOXX,10
XO  XOOX ,10
XO  XO XO,0
XO  XO X ,0
XO  XO  X,10
XO  XO   ,10
XO  XXOOX,10
XO  XXOO ,10
XO  XXOXO,0
XO  XXO O,10
XO  XXO  ,10
XO  X OXO,0
XO  X OX ,0
XO  X O X,10
XO  X O  ,10
XO  XXXOO,10
XO  XX OO,10
XO  XX O ,10
XO  X XOO,10
XO  X XO ,10
XO  X  OX,10
XO  X  O ,10
XO  XX  O,0
XO  X X O,10
XO  X  XO,0
XO  X   O,10
XO  X    ,10
XOOOOXXXX,10
XOOOOXXX ,10
XOOO XXXO,0
XOOO XXX ,0
XOOOOXX X,10
XOOO XXOX,10
XOOO XX X,10
XOOO XX  ,10
XOO OXXXO,10
XOO OXXX ,10
XOO OXXOX,-10
XOO OXX X,-10
XOO OXX  ,10
XOO  XXOX,-10
XOO  XXO ,10
XOO  XXXO,0
XOO  XX O,10
XOO  XX  ,10
XOOOOX XX,10
XOOO XOXX,10
XOOO X XX,10
XOOO X X ,10
XOO OXOXX,-10
XOO OX XX,-10
XOO OX X ,10
XOO  XOXX,-10
XOO  XOX ,10
XOO  X XO,10
XOO  X X ,10
XOOO X  X,10
XOO OX  X,-10
XOO  XO X,10
XOO  X OX,10
XOO  X  X,-10
XOO  X   ,10
XO OOXXXO,0
XO OOXXX ,0
XO OOXXOX,-10
XO OOXX X,-10
XO OOXX  ,0
XO O XXOX,-10
XO O XXO ,10
XO O XXXO,0
XO O XX O,0
XO O XX  ,0
XO OOXOXX,10
XO OOX XX,10
XO OOX X ,10
XO O XOXX,10
XO O XOX ,10
XO O X XO,0
XO O X X ,0
XO OOX  X,10
XO O XO X,10
XO O X OX,10
XO O X  X,10
XO O X   ,10
XO  OXXO ,-10
XO  OXXXO,0
XO  OXX O,10
XO  OXX  ,-10
XO  OXOXX,-10
XO  OXOX ,0
XO  OX XO,0
XO  OX X ,0
XO  OXO X,10
XO  OX OX,-10
XO  OX  X,-10
XO  OX   ,0
XO   XOXO,0
XO   XOX ,0
XO   XOOX,10
XO   XO X,10
XO   XO  ,10
XO   XXOO,10
XO   XXO ,-10
XO   X OX,-10
XO   X O ,10
XO   XX O,0
XO   X XO,0
XO   X  O,10
XO   X   ,0
XOOO  XXX,10
XOOO  XX ,10
XOO O XXX,10
XOO O XX ,10
XOO  OXXX,10
XOO  OXX ,10
XOO   XXO,10
XOO   XX ,10
XOOO  X X,10
XOO O X X,10
XOO  OX X,10
XOO   XOX,10
XOO   X X,10
XOO   X  ,10
XO OO XXX,10
XO OO XX ,10
XO O OXXX,10
XO O OXX ,10
XO O  XXO,0
XO O  XX ,0
XO OO X X,10
XO O OX X,10
XO O  XOX,10
XO O  X X,10
XO O  X  ,10
XO  OOXXX,10
XO  OOXX ,10
XO  O XXO,10
XO  O XX ,10
XO  OOX X,10
XO  O XOX,-10
XO  O X X,-10
XO  O X  ,10
XO   OXXO,10
XO   OXX ,10
XO   OXOX,10
XO   OX X,10
XO   OX  ,10
XO    XOX,-10
XO    XO ,10
XO    XXO,0
XO    X O,10
XO    X  ,10
XOOO   XX,10
XOO O  XX,10
XOO  O XX,10
XOO   OXX,10
XOO    XX,10
XOO    X ,10
XO OO  XX,10
XO O O XX,10
XO O  OXX,10
XO O   XX,10
XO O   X ,10
XO  OO XX,10
XO  O OXX,0
XO  O  XX,0
XO  O  X ,10
XO   OOXX,10
XO   O XX,10
XO   O X ,10
XO    OXX,0
XO    OX ,0
XO     XO,0
XO     X ,0
XOO     X,10
XO O    X,10
XO  O   X,0
XO   O  X,10
XO    O X,10
XO     OX,10
XO      X,0
XO       ,10
XXOOXOXOX,10
XXOOXOXO ,10
XXOOXOX O,-10
XXOOXOX  ,-10
XXOOXO X ,10
XXOOXO  X,10
XXOOXO   ,10
XXOOXXOOX,10
XXOOXXOO ,10
XXOOXXOXO,10
XXOOXXO O,10
XXOOXXO  ,10
XXOOX OX ,10
XXOOX O X,10
XXOOX O  ,10
XXOOXXXOO,0
XXOOXX OO,0
XXOOXX O ,0
XXOOX XOO,0
XXOOX XO ,0
XXOOX  OX,10
XXOOX  O ,10
XXOOXX  O,0
XXOOX X O,-10
XXOOX  XO,10
XXOOX   O,10
XXOOX    ,10
XXOOOXXOX,0
XXOOOXXO ,0
XXOOOXXXO,0
XXOOOXX O,0
XXOOOXX  ,0
XXOOOXOX ,-10
XXOOOX XO,0
XXOOOX X ,-10
XXOOOXO X,-10
XXOOOX OX,0
XXOOOX  X,-10
XXOOOX   ,0
XXOO XOXO,10
XXOO XOX ,-10
XXOO XOOX,10
XXOO XO X,-10
XXOO XO  ,10
XXOO XXOO,0
XXOO XXO ,0
XXOO X OX,0
XXOO X O ,0
XXOO XX O,0
XXOO X XO,0
XXOO X  O,0
XXOO X   ,0
XXOOOOXX ,-10
XXOOO XXO,0
XXOOO XX ,-10
XXOOOOX X,-10
XXOOO XOX,0
XXOOO X X,-10
XXOOO X  ,0
XXOO OXXO,-10
XXOO OXX ,-10
XXOO OXOX,10
XXOO OX X,-10
XXOO OX  ,-10
XXOO  XOX,0
XXOO  XO ,0
XXOO  XXO,-10
XXOO  X O,0
XXOO  X  ,-10
XXOOOO XX,-10
XXOOO OXX,-10
XXOOO  XX,-10
XXOOO  X ,-10
XXOOXOOXX,10
XXOO OOXX,10
XXOO O XX,-10
XXOO O X ,10
XXOO  OXX,-10
XXOO  OX ,10
XXOO   XO,10
XXOO   X ,-10
XXOOO   X,-10
XXOO O  X,10
XXOO  O X,10
XXOO   OX,10
XXOO    X,-10
XXOO     ,10
XXOXOOX  ,10
XXOXOOOX ,-10
XXOXOO XO,-10
XXOXOO X ,-10
XXOXOOO X,-10
XXOXOOXOX,10
XXOXOO OX,10
XXOXOO  X,-10
XXOXOO   ,10
XXOXO O  ,-10
XXOXOXOO ,-10
XXOXOXXOO,10
XXOXOX OO,10
XXOXOX O ,-10
XXOXO XO ,10
XXOXO OOX,-10
XXOXO  OX,-10
XXOXO  O ,10
XXOXOXO O,-10
XXOXOX  O,-10
XXOXO X O,10
XXOXO OXO,-10
XXOXO  XO,-10
XXOXO   O,10
XXOXO    ,-10
XXO OXO  ,-10
XXO OXXOO,10
XXO OXXO ,0
XXO OXOOX,-10
XXO OX OX,-10
XXO OX O ,0
XXO OXX O,0
XXO OXOXO,-10
XXO OX XO,-10
XXO OX  O,0
XXO OX   ,-10
XXO OOXXO,-10
XXO OOXX ,-10
XXO OOXOX,10
XXO OOX X,-10
XXO OOX  ,10
XXO O XOX,0
XXO O XO ,10
XXO O XXO,-10
XXO O X O,10
XXO O X  ,0
XXO OOOXX,-10
XXO OO XX,-10
XXO OO X ,-10
XXO O OX ,-10
XXO O  XO,-10
XXO O  X ,-10
XXO OO  X,-10
XXO O O X,-10
XXO O  OX,0
XXO O   X,-10
XXO O    ,0
XXOXXOOOX,10
XXOXXOOO ,10
XXOXXOO O,-10
XXOXXOO  ,-10
XXOX OOXO,-10
XXOX OOX ,-10
XXOX OOOX,10
XXOX OO X,-10
XXOX OO  ,-10
XXOXXO OO,-10
XXOXXO O ,-10
XXOX OXO ,10
XXOX O OX,10
XXOX O O ,10
XXOX O  O,-10
XXOX O   ,-10
XXO XOOX ,10
XXO XOO X,10
XXO XOO  ,10
XXO XOXOO,-10
XXO XOXO ,-10
XXO XO OX,10
XXO XO O ,10
XXO XO  O,-10
XXO XO   ,-10
XXO  OXOX,10
XXO  OXO ,10
XXO  OX O,-10
XXO  OX  ,-10
XXO  OOXX,-10
XXO  OOX ,10
XXO  O XO,-10
XXO  O X ,-10
XXO  OO X,10
XXO  O OX,10
XXO  O  X,-10
XXO  O   ,-10
XXOXX OOO,-10
XXOXX OO ,-10
XXOX XOOO,-10
XXOX XOO ,-10
XXOX  OOX,-10
XXOX  OO ,-10
XXOXX O O,-10
XXOX XO O,-10
XXOX  OXO,-10
XXOX  O O,-10
XXOX  O  ,-10
XXO XXOOO,-10
XXO XXOO ,-10
XXO X OOX,10
XXO X OO ,10
XXO XXO O,-10
XXO X OXO,10
XXO X O O,10
XXO X O  ,10
XXO  XOOX,-10
XXO  XOO ,-10
XXO  XOXO,-10
XXO  XO O,-10
XXO  XO  ,-10
XXO   OXO,10
XXO   OX ,-10
XXO   OOX,10
XXO   O X,-10
XXO   O  ,10
XXOXX  OO,-10
XXOX X OO,-10
XXOX  XOO,10
XXOX   OO,10
XXOX   O ,-10
XXO XX OO,-10
XXO X XOO,-10
XXO X  OO,-10
XXO X  O ,-10
XXO  XXOO,0
XXO  X OO,0
XXO  X O ,-10
XXO   XOO,10
XXO   XO ,0
XXO    OX,0
XXO    O ,0
XXOX    O,-10
XXO X   O,-10
XXO  X  O,-10
XXO   X O,-10
XXO    XO,-10
XXO     O,-10
XXO      ,-10
X OXOXO  ,-10
X OXOXXO ,10
X OXOXOOX,-10
X OXOX OX,-10
X OXOX O ,10
X OXOXX O,10
X OXOXOXO,-10
X OXOX XO,-10
X OXOX  O,10
X OXOX   ,-10
X OXO X  ,10
X OXOOXX ,10
X OXOOOXX,-10
X OXOO XX,-10
X OXOO X ,10
X OXO OX ,-10
X OXO XXO,10
X OXO  XO,10
X OXO  X ,-10
X OXOOX X,10
X OXOO  X,10
X OXO O X,-10
X OXO XOX,10
X OXO  OX,10
X OXO   X,-10
X OXO    ,10
X OXXOOXO,-10
X OXXOOX ,-10
X OXXOO X,10
X OXXOO  ,10
X OXXOXO ,10
X OXXO OX,10
X OXXO O ,10
X OXXO  O,-10
X OXXO   ,-10
X OX OX  ,10
X OX OOXX,-10
X OX OOX ,-10
X OX O XO,-10
X OX O X ,-10
X OX OO X,10
X OX OXOX,10
X OX O OX,10
X OX O  X,10
X OX O   ,10
X OXXXOO ,10
X OXX OOX,10
X OXX OO ,10
X OXXXO O,10
X OXX OXO,-10
X OXX O O,10
X OXX O  ,10
X OX XOOX,-10
X OX XOO ,10
X OX XOXO,-10
X OX XO O,10
X OX XO  ,-10
X OX  OXO,-10
X OX  OX ,-10
X OX  OOX,10
X OX  O X,-10
X OX  O  ,10
X OXXX OO,10
X OXX XOO,10
X OXX  OO,10
X OXX  O ,10
X OX XXOO,10
X OX X OO,10
X OX X O ,10
X OX  XO ,10
X OX   OX,10
X OX   O ,10
X OXX   O,-10
X OX X  O,10
X OX  X O,10
X OX   XO,-10
X OX    O,10
X OX     ,10
X OOXXOXO,10
X OOXXOX ,10
X OOXXO X,10
X OOXXO  ,10
X OOXXXOO,0
X OOXXXO ,0
X OOXX OX,10
X OOXX O ,10
X OOXXX O,0
X OOXX XO,0
X OOXX  O,0
X OOXX   ,0
X OOXOXXO,-10
X OOXOXX ,-10
X OOXOX X,10
X OOXOX  ,10
X OOX XOX,10
X OOX XO ,10
X OOX XXO,-10
X OOX X O,0
X OOX X  ,0
X OOXO XX,10
X OOXO X ,10
X OOX OXX,10
X OOX OX ,10
X OOX  XO,10
X OOX  X ,10
X OOX   X,10
X OOX    ,10
X O XOXOX,10
X O XOXO ,10
X O XOX O,-10
X O XOX  ,-10
X O XOOXX,10
X O XOOX ,10
X O XO XO,-10
X O XO X ,-10
X O XO  X,10
X O XO   ,10
X O XXOOX,10
X O XXOO ,10
X O XXOXO,10
X O XXO O,10
X O XXO  ,10
X O X OXO,10
X O X OX ,10
X O X O X,10
X O X O  ,10
X O XXXOO,0
X O XX OO,10
X O XX O ,10
X O X XOO,10
X O X XO ,10
X O X  OX,10
X O X  O ,10
X O XX  O,0
X O X X O,-10
X O X  XO,-10
X O X   O,0
X O X    ,0
X OOOXXXO,0
X OOOXXX ,0
X OOOXXOX,0
X OOOXX X,0
X OOOXX  ,0
X OO XXOX,0
X OO XXO ,0
X OO XXXO,0
X OO XX O,0
X OO XX  ,0
X OOOXOXX,-10
X OOOX XX,-10
X OOOX X ,0
X OO XOXX,-10
X OO XOX ,10
X OO X XO,0
X OO X X ,0
X OOOX  X,0
X OO XO X,10
X OO X OX,10
X OO X  X,0
X OO X   ,0
X O OXXOX,-10
X O OXXO ,10
X O OXXXO,0
X O OXX O,10
X O OXX  ,0
X O OXOX ,-10
X O OX XO,0
X O OX X ,-10
X O OXO X,-10
X O OX OX,-10
X O OX  X,-10
X O OX   ,0
X O  XOXO,10
X O  XOX ,-10
X O  XOOX,10
X O  XO X,-10
X O  XO  ,10
X O  XXOO,10
X O  XXO ,0
X O  X OX,-10
X O  X O ,10
X O  XX O,0
X O  X XO,0
X O  X  O,10
X O  X   ,0
X OOO XXX,10
X OOO XX ,10
X OO OXXX,10
X OO OXX ,10
X OO  XXO,0
X OO  XX ,0
X OOO X X,10
X OO OX X,10
X OO  XOX,10
X OO  X X,10
X OO  X  ,10
X O OOXXX,10
X O OOXX ,10
X O O XXO,10
X O O XX ,10
X O OOX X,10
X O O XOX,10
X O O X X,10
X O O X  ,10
X O  OXXO,-10
X O  OXX ,-10
X O  OXOX,10
X O  OX X,10
X O  OX  ,10
X O   XOX,10
X O   XO ,10
X O   XXO,-10
X O   X O,10
X O   X  ,10
X OOO  XX,10
X OO O XX,10
X OO  OXX,10
X OO   XX,10
X OO   X ,10
X O OO XX,10
X O O OXX,-10
X O O  XX,-10
X O O  X ,10
X O  OOXX,10
X O  O XX,10
X O  O X ,10
X O   OXX,-10
X O   OX ,10
X O    XO,0
X O    X ,0
X OO    X,10
X O O   X,10
X O  O  X,10
X O   O X,10
X O    OX,10
X O     X,10
X O      ,10
XXXOO    ,10
XXXOOXO  ,10
XXXOOXOXO,10
XX OOXOXO,10
XX OOXOX ,-10
XXXOOXOOX,10
XX OOXOOX,10
XX OOXO X,-10
XX OOXO  ,10
XXXOOX O ,10
XXXOOXXOO,10
XX OOXXOO,10
XX OOXXO ,0
XX OOX OX,0
XX OOX O ,10
XXXOOX  O,10
XX OOXX O,0
XX OOX XO,0
XX OOX  O,10
XX OOX   ,0
XX OOOX  ,-10
XXXOO XO ,10
XX OOOXOX,-10
XX OO XOX,-10
XX OO XO ,10
XXXOO X O,10
XX OOOXXO,-10
XX OO XXO,-10
XX OO X O,10
XX OO X  ,-10
XX OOO X ,-10
XXXOO OX ,10
XX OOOOXX,-10
XX OO OXX,-10
XX OO OX ,10
XXXOO  XO,10
XX OO  XO,10
XX OO  X ,-10
XX OOO  X,-10
XXXOO O X,10
XX OO O X,10
XXXOO  OX,10
XX OO  OX,10
XX OO   X,-10
XX OO    ,10
XXXO O   ,10
XXXOXOO  ,10
XX OXOOX ,10
XX OXOO X,10
XX OXOO  ,10
XXXOXO O ,10
XXXOXOXOO,10
XX OXOXOO,10
XX OXOXO ,10
XX OXO OX,10
XX OXO O ,10
XXXOXO  O,10
XX OXOX O,-10
XX OXO XO,10
XX OXO  O,10
XX OXO   ,10
XXXO OXO ,10
XX O OXOX,-10
XX O OXO ,10
XXXO OX O,10
XX O OXXO,-10
XX O OX O,10
XX O OX  ,-10
XXXO OOX ,10
XX O OOXX,-10
XX O OOX ,10
XXXO O XO,10
XX O O XO,10
XX O O X ,-10
XXXO OO X,10
XX O OO X,10
XXXO O OX,10
XX O O OX,10
XX O O  X,-10
XX O O   ,10
XXXO  O  ,10
XXXOX OO ,10
XX OXXOOO,-10
XX OXXOO ,-10
XX OX OOX,10
XX OX OO ,10
XXXOX O O,10
XX OXXO O,-10
XX OX OXO,10
XX OX O O,10
XX OX O  ,10
XXXO XOO ,10
XX O XOOX,10
XX O XOO ,10
XXXO XO O,10
XX O XOXO,10
XX O XO O,10
XX O XO  ,10
XXXO  OXO,10
XX O  OXO,10
XX O  OX ,10
XXXO  OOX,10
XX O  OOX,10
XX O  O X,10
XX O  O  ,10
XXXO   O ,10
XXXOX  OO,10
XX OXX OO,-10
XX OX XOO,0
XX OX  OO,10
XX OX  O ,10
XXXO X OO,10
XX O XXOO,0
XX O X OO,10
XX O X O ,0
XXXO  XOO,10
XX O  XOO,10
XX O  XO ,0
XX O   OX,10
XX O   O ,10
XXXO    O,10
XX OX   O,10
XX O X  O,0
XX O  X O,0
XX O   XO,10
XX O    O,10
XX O     ,10
X XOOXOXO,10
X XOOXOX ,10
X XOOXO X,10
X XOOXO  ,10
X XOOXXOO,10
X XOOXXO ,-10
X XOOX OX,10
X XOOX O ,10
X XOOXX O,0
X XOOX XO,0
X XOOX  O,10
X XOOX   ,10
X XOOOX  ,-10
X XOOOXOX,-10
X XOO XOX,-10
X XOO XO ,10
X XOOOXXO,-10
X XOO XXO,-10
X XOO X O,10
X XOO X  ,-10
X XOOO X ,-10
X XOOOOXX,-10
X XOO OXX,-10
X XOO OX ,10
X XOO  XO,10
X XOO  X ,-10
X XOOO  X,-10
X XOO O X,10
X XOO  OX,10
X XOO   X,-10
X XOO    ,10
XXXOXOOXO,10
X XOXOOXO,10
X XOXOOX ,10
X XOXOO X,10
X XOXOO  ,10
X XOXOXO ,10
X XOXO OX,10
X XOXO O ,10
X XOXOX O,10
X XOXO XO,10
X XOXO  O,10
X XOXO   ,10
X XO OXOX,-10
X XO OXO ,10
X XO OXXO,-10
X XO OX O,10
X XO OX  ,-10
X XO OOXX,-10
X XO OOX ,10
X XO O XO,10
X XO O X ,-10
X XO OO X,10
X XO O OX,10
X XO O  X,-10
X XO O   ,10
X XOXXOOO,-10
X XOXXOO ,-10
X XOX OOX,10
X XOX OO ,10
X XOXXO O,-10
X XOX OXO,0
X XOX O O,10
X XOX O  ,10
X XO XOOX,10
X XO XOO ,10
X XO XOXO,0
X XO XO O,10
X XO XO  ,10
X XO  OXO,10
X XO  OX ,10
X XO  OOX,10
X XO  O X,10
X XO  O  ,10
X XOXX OO,-10
X XOX XOO,10
X XOX  OO,10
X XOX  O ,10
X XO XXOO,10
X XO X OO,10
X XO X O ,10
X XO  XOO,10
X XO  XO ,10
X XO   OX,10
X XO   O ,10
X XOX   O,10
X XO X  O,0
X XO  X O,10
X XO   XO,0
X XO    O,10
X XO     ,10
X  OXOXOX,10
X  OXOXO ,10
X  OXOXXO,-10
X  OXOX O,10
X  OXOX  ,10
X  OXOOXX,10
X  OXOOX ,10
X  OXO XO,10
X  OXO X ,10
X  OXO  X,10
X  OXO   ,10
X  OXXOOX,10
X  OXXOO ,10
X  OXXOXO,0
X  OXXO O,0
X  OXXO  ,0
X  OX OXO,10
X  OX OX ,10
X  OX O X,10
X  OX O  ,10
X  OXXXOO,0
X  OXX OO,0
X  OXX O ,0
X  OX XOO,10
X  OX XO ,10
X  OX  OX,10
X  OX  O ,10
X  OXX  O,0
X  OX X O,0
X  OX  XO,0
X  OX   O,10
X  OX    ,10
X  OOXXOX,-10
X  OOXXO ,0
X  OOXXXO,0
X  OOXX O,0
X  OOXX  ,0
X  OOXOXX,-10
X  OOXOX ,10
X  OOX XO,0
X  OOX X ,0
X  OOXO X,10
X  OOX OX,10
X  OOX  X,0
X  OOX   ,10
X  O XOXO,10
X  O XOX ,10
X  O XOOX,10
X  O XO X,10
X  O XO  ,10
X  O XXOO,10
X  O XXO ,0
X  O X OX,10
X  O X O ,10
X  O XX O,0
X  O X XO,0
X  O X  O,0
X  O X   ,0
X  OOOXX ,-10
X  OO XXO,0
X  OO XX ,-10
X  OOOX X,-10
X  OO XOX,-10
X  OO X X,-10
X  OO X  ,0
X  O OXXO,-10
X  O OXX ,-10
X  O OXOX,10
X  O OX X,-10
X  O OX  ,10
X  O  XOX,-10
X  O  XO ,10
X  O  XXO,-10
X  O  X O,10
X  O  X  ,0
X  OOO XX,-10
X  OO OXX,-10
X  OO  XX,-10
X  OO  X ,0
X  O OOXX,10
X  O O XX,-10
X  O O X ,10
X  O  OXX,-10
X  O  OX ,10
X  O   XO,10
X  O   X ,0
X  OO   X,0
X  O O  X,10
X  O  O X,10
X  O   OX,10
X  O    X,0
X  O     ,10
XXX OO   ,10
XXXXOOO  ,10
XXXXOOOXO,10
XX XOOOXO,10
XX XOOOX ,-10
XXXXOOOOX,10
XX XOOOOX,10
XX XOOO X,-10
XX XOOO  ,10
XXXXOO O ,10
XX XOOXO ,10
XX XOO OX,10
XX XOO O ,10
XXXXOO  O,10
XX XOOX O,10
XX XOO XO,-10
XX XOO  O,10
XX XOO   ,10
XXX OOXO ,10
XX  OOXOX,-10
XX  OOXO ,10
XXX OOX O,10
XX  OOXXO,-10
XX  OOX O,10
XX  OOX  ,-10
XXX OOOX ,10
XX  OOOXX,-10
XX  OOOX ,10
XXX OO XO,10
XX  OO XO,10
XX  OO X ,-10
XXX OOO X,10
XX  OOO X,10
XXX OO OX,10
XX  OO OX,10
XX  OO  X,-10
XX  OO   ,10
XXX O O  ,10
XXXXO OO ,10
XX XOXOOO,-10
XX XOXOO ,-10
XX XO OOX,-10
XX XO OO ,10
XXXXO O O,10
XX XOXO O,-10
XX XO OXO,-10
XX XO O O,10
XX XO O  ,-10
XXX OXOO ,10
XX  OXOOX,-10
XX  OXOO ,10
XXX OXO O,10
XX  OXOXO,-10
XX  OXO O,10
XX  OXO  ,-10
XXX O OXO,10
XX  O OXO,10
XX  O OX ,-10
XXX O OOX,10
XX  O OOX,10
XX  O O X,-10
XX  O O  ,10
XXX O  O ,10
XXXXO  OO,10
XX XOX OO,-10
XX XO XOO,10
XX XO  OO,10
XX XO  O ,10
XXX OX OO,10
XX  OXXOO,10
XX  OX OO,10
XX  OX O ,0
XXX O XOO,10
XX  O XOO,10
XX  O XO ,10
XX  O  OX,0
XX  O  O ,10
XXX O   O,10
XX XO   O,10
XX  OX  O,0
XX  O X O,10
XX  O  XO,-10
XX  O   O,10
XX  O    ,0
X XXOOOXO,10
X XXOOOX ,0
X XXOOOOX,10
X XXOOO X,0
X XXOOO  ,10
X XXOOXO ,10
X XXOO OX,-10
X XXOO O ,10
X XXOOX O,10
X XXOO XO,10
X XXOO  O,10
X XXOO   ,10
X X OOXOX,-10
X X OOXO ,10
X X OOXXO,-10
X X OOX O,10
X X OOX  ,-10
X X OOOXX,-10
X X OOOX ,10
X X OO XO,10
X X OO X ,-10
X X OOO X,10
X X OO OX,10
X X OO  X,-10
X X OO   ,10
X XXOXOOO,-10
X XXOXOO ,-10
X XXO OOX,-10
X XXO OO ,10
X XXOXO O,-10
X XXO OXO,0
X XXO O O,10
X XXO O  ,0
X X OXOOX,10
X X OXOO ,10
X X OXOXO,0
X X OXO O,10
X X OXO  ,10
X X O OXO,10
X X O OX ,0
X X O OOX,10
X X O O X,10
X X O O  ,10
X XXOX OO,-10
X XXO XOO,10
X XXO  OO,10
X XXO  O ,-10
X X OXXOO,-10
X X OX OO,10
X X OX O ,-10
X X O XOO,10
X X O XO ,-10
X X O  OX,-10
X X O  O ,10
X XXO   O,10
X X OX  O,0
X X O X O,10
X X O  XO,0
X X O   O,10
X X O    ,0
X  XOOX  ,10
X  XOOOXX,-10
X  XOOOX ,0
X  XOOXXO,10
X  XOO XO,10
X  XOO X ,0
X  XOOO X,0
X  XOOXOX,10
X  XOO OX,10
X  XOO  X,0
X  XOO   ,10
X  XOXOOX,-10
X  XOXOO ,-10
X  XOXOXO,-10
X  XOXO O,-10
X  XOXO  ,-10
X  XO OXO,0
X  XO OX ,-10
X  XO OOX,-10
X  XO O X,-10
X  XO O  ,0
X  XOXXOO,10
X  XOX OO,10
X  XOX O ,-10
X  XO XO ,10
X  XO  OX,-10
X  XO  O ,10
X  XOX  O,-10
X  XO X O,10
X  XO  XO,0
X  XO   O,10
X  XO    ,0
X   OXOXO,0
X   OXOX ,-10
X   OXOOX,10
X   OXO X,-10
X   OXO  ,10
X   OXXOO,10
X   OXXO ,-10
X   OX OX,-10
X   OX O ,0
X   OXX O,0
X   OX XO,0
X   OX  O,0
X   OX   ,0
X   OOXXO,10
X   OOXX ,-10
X   OOXOX,10
X   OOX X,-10
X   OOX  ,10
X   O XOX,-10
X   O XO ,10
X   O XXO,0
X   O X O,10
X   O X  ,0
X   OOOXX,-10
X   OO XX,-10
X   OO X ,0
X   O OXX,-10
X   O OX ,0
X   O  XO,0
X   O  X ,0
X   OO  X,0
X   O O X,10
X   O  OX,0
X   O   X,0
X   O    ,0
XXX  OO  ,10
XXXX OOO ,10
XX XXOOOO,-10
XX XXOOO ,-10
XX X OOOX,10
XX X OOO ,10
XXXX OO O,10
XX XXOO O,-10
XX X OOXO,-10
XX X OO O,10
XX X OO  ,-10
XXX XOOO ,10
XX  XOOOX,10
XX  XOOO ,10
XXX XOO O,10
XX  XOOXO,10
XX  XOO O,10
XX  XOO  ,10
XXX  OOXO,10
XX   OOXO,10
XX   OOX ,10
XXX  OOOX,10
XX   OOOX,10
XX   OO X,10
XX   OO  ,10
XXX  O O ,10
XXXX O OO,10
XX XXO OO,-10
XX X OXOO,10
XX X O OO,10
XX X O O ,10
XXX XO OO,10
XX  XOXOO,-10
XX  XO OO,10
XX  XO O ,10
XXX  OXOO,10
XX   OXOO,10
XX   OXO ,10
XX   O OX,10
XX   O O ,10
XXX  O  O,10
XX X O  O,-10
XX  XO  O,-10
XX   OX O,-10
XX   O XO,-10
XX   O  O,10
XX   O   ,-10
X XXXOOOO,-10
X XXXOOO ,-10
X XX OOOX,10
X XX OOO ,10
X XXXOO O,-10
X XX OOXO,0
X XX OO O,10
X XX OO  ,0
X X XOOOX,10
X X XOOO ,10
X X XOOXO,0
X X XOO O,10
X X XOO  ,10
X X  OOXO,10
X X  OOX ,0
X X  OOOX,10
X X  OO X,10
X X  OO  ,10
X XXXO OO,-10
X XX OXOO,10
X XX O OO,10
X XX O O ,10
X X XOXOO,10
X X XO OO,10
X X XO O ,10
X X  OXOO,10
X X  OXO ,10
X X  O OX,10
X X  O O ,10
X XX O  O,10
X X XO  O,10
X X  OX O,10
X X  O XO,10
X X  O  O,10
X X  O   ,10
X  XXOOOX,10
X  XXOOO ,10
X  XXOOXO,-10
X  XXOO O,-10
X  XXOO  ,-10
X  X OOXO,0
X  X OOX ,-10
X  X OOOX,10
X  X OO X,0
X  X OO  ,0
X  XXOXOO,10
X  XXO OO,10
X  XXO O ,10
X  X OXO ,10
X  X O OX,10
X  X O O ,10
X  XXO  O,-10
X  X OX O,10
X  X O XO,-10
X  X O  O,10
X  X O   ,0
X   XOOXO,10
X   XOOX ,10
X   XOO X,10
X   XOO  ,10
X   XOXOO,10
X   XOXO ,10
X   XO OX,10
X   XO O ,10
X   XOX O,-10
X   XO XO,-10
X   XO  O,10
X   XO   ,10
X    OXOX,10
X    OXO ,10
X    OXXO,-10
X    OX O,10
X    OX  ,10
X    OOXX,-10
X    OOX ,10
X    O XO,10
X    O X ,0
X    OO X,10
X    O OX,10
X    O  X,0
X    O   ,10
XXX   OO ,10
XX X  OOO,-10
XX X  OO ,-10
XX  X OOO,-10
XX  X OO ,-10
XX   XOOO,-10
XX   XOO ,-10
XX    OOX,10
XX    OO ,10
XXX   O O,10
XX X  O O,-10
XX  X O O,-10
XX   XO O,-10
XX    OXO,10
XX    O O,10
XX    O  ,10
X XX  OOO,-10
X XX  OO ,-10
X X X OOO,-10
X X X OO ,-10
X X  XOOO,-10
X X  XOO ,-10
X X   OOX,10
X X   OO ,10
X XX  O O,-10
X X X O O,-10
X X  XO O,-10
X X   OXO,0
X X   O O,10
X X   O  ,10
X  XX OOO,-10
X  XX OO ,-10
X  X XOOO,-10
X  X XOO ,-10
X  X  OOX,-10
X  X  OO ,-10
X  XX O O,-10
X  X XO O,-10
X  X  OXO,-10
X  X  O O,-10
X  X  O  ,-10
X   XXOOO,-10
X   XXOO ,-10
X   X OOX,10
X   X OO ,10
X   XXO O,-10
X   X OXO,0
X   X O O,0
X   X O  ,0
X    XOOX,10
X    XOO ,10
X    XOXO,0
X    XO O,0
X    XO  ,0
X     OXO,10
X     OX ,0
X     OOX,10
X     O X,10
X     O  ,10
XXX    OO,10
XX X   OO,-10
XX  X  OO,-10
XX   X OO,-10
XX    XOO,10
XX     OO,10
XX     O ,0
X XX   OO,-10
X X X  OO,-10
X X  X OO,-10
X X   XOO,10
X X    OO,10
X X    O ,10
X  XX  OO,-10
X  X X OO,-10
X  X  XOO,10
X  X   OO,10
X  X   O ,-10
X   XX OO,-10
X   X XOO,10
X   X  OO,10
X   X  O ,10
X    XXOO,10
X    X OO,10
X    X O ,0
X     XOO,10
X     XO ,10
X      OX,0
X      O ,10
XX      O,-10
X X     O,10
X  X    O,-10
X   X   O,0
X    X  O,0
X     X O,10
X      XO,0
X       O,10
X        ,0
OXXOXOX  ,10
OXXOXO X ,10
OXXOXOO X,-10
OXXOXOXOX,10
OXXOXO OX,10
OXXOXO  X,-10
OXXOXO   ,10
OXXOX O  ,-10
OXXOXXOO ,-10
OXXOXXXOO,10
OXXOXX OO,10
OXXOXX O ,-10
OXXOX XO ,10
OXXOX OOX,-10
OXXOX  OX,-10
OXXOX  O ,10
OXXOXXO O,-10
OXXOXX  O,-10
OXXOX X O,10
OXXOX  XO,10
OXXOX   O,10
OXXOX    ,-10
OXXOOXXOX,10
OXXOOXXO ,10
OXXOOXX O,-10
OXXOOXX  ,-10
OXXOOXOX ,-10
OXXOOX XO,-10
OXXOOX X ,-10
OXXOOX  X,10
OXXOOX   ,10
OXXO XO  ,-10
OXXO XXOO,10
OXXO XXO ,10
OXXO X OX,10
OXXO X O ,10
OXXO XX O,-10
OXXO XOXO,-10
OXXO X XO,-10
OXXO X  O,-10
OXXO X   ,-10
OXXOOOXX ,-10
OXXOO XXO,-10
OXXOO XX ,-10
OXXOOOX X,-10
OXXOO XOX,10
OXXOO X X,-10
OXXOO X  ,-10
OXXOXOXXO,10
OXXO OXXO,10
OXXO OXX ,-10
OXXO OXOX,10
OXXO OX X,-10
OXXO OX  ,10
OXXO  XOX,10
OXXO  XO ,10
OXXO  XXO,-10
OXXO  X O,10
OXXO  X  ,-10
OXXOOO XX,-10
OXXOO OXX,-10
OXXOO  XX,-10
OXXOO  X ,-10
OXXO OOXX,-10
OXXO O XX,-10
OXXO O X ,10
OXXO  OX ,-10
OXXO   XO,10
OXXO   X ,-10
OXXOO   X,10
OXXO O  X,-10
OXXO  O X,-10
OXXO   OX,10
OXXO    X,-10
OXXO     ,-10
OXXXOOXOX,0
OXXXOOXO ,0
OXXXOOX O,-10
OXXXOOX  ,-10
OXXXOOOXX,0
OXXXOOOX ,0
OXXXOO XO,-10
OXXXOO X ,-10
OXXXOOO X,0
OXXXOO OX,0
OXXXOO  X,0
OXXXOO   ,0
OXXXOXOOX,10
OXXXOXOO ,10
OXXXOXO O,-10
OXXXOXO  ,-10
OXXXO OXO,-10
OXXXO OX ,-10
OXXXO OOX,10
OXXXO O X,0
OXXXO O  ,0
OXXXOX OO,-10
OXXXOX O ,-10
OXXXO XOO,-10
OXXXO XO ,-10
OXXXO  OX,0
OXXXO  O ,0
OXXXO   O,-10
OXXXO    ,-10
OXX OXOXO,-10
OXX OXOX ,-10
OXX OXO X,10
OXX OXO  ,10
OXX OXXOO,-10
OXX OXXO ,-10
OXX OX OX,10
OXX OX O ,10
OXX OX  O,-10
OXX OX   ,-10
OXX OOXXO,-10
OXX OOXX ,-10
OXX OOXOX,0
OXX OOX X,-10
OXX OOX  ,-10
OXX O XOX,0
OXX O XO ,0
OXX O X O,-10
OXX O X  ,-10
OXX OOOXX,0
OXX OO XX,-10
OXX OO X ,-10
OXX O OXX,-10
OXX O OX ,-10
OXX O  XO,-10
OXX O  X ,-10
OXX OO  X,0
OXX O O X,10
OXX O  OX,10
OXX O   X,0
OXX O    ,0
OXXXXOOOX,0
OXXXXOOO ,0
OXXXXOOXO,10
OXXXXOO O,10
OXXXXOO  ,0
OXXX OOXO,10
OXXX OOX ,0
OXXX OOOX,0
OXXX OO X,0
OXXX OO  ,0
OXXXXOXOO,10
OXXXXO OO,10
OXXXXO O ,0
OXXX OXOO,10
OXXX OXO ,0
OXXX O OX,0
OXXX O O ,0
OXXXXO  O,10
OXXX OX O,-10
OXXX O XO,-10
OXXX O  O,10
OXXX O   ,0
OXX XOOX ,10
OXX XOOOX,0
OXX XOO X,-10
OXX XOO  ,10
OXX XOXO ,10
OXX XO OX,0
OXX XO O ,10
OXX XOX O,10
OXX XO XO,10
OXX XO  O,10
OXX XO   ,10
OXX  OXOX,0
OXX  OXO ,10
OXX  OXXO,-10
OXX  OX O,10
OXX  OX  ,-10
OXX  OOXX,-10
OXX  OOX ,10
OXX  O XO,10
OXX  O X ,-10
OXX  OO X,0
OXX  O OX,0
OXX  O  X,-10
OXX  O   ,10
OXXXX OOO,-10
OXXXX OO ,-10
OXXX XOOO,-10
OXXX XOO ,-10
OXXX  OOX,0
OXXX  OO ,0
OXXXX O O,-10
OXXX XO O,-10
OXXX  OXO,-10
OXXX  O O,-10
OXXX  O  ,-10
OXX XXOOO,-10
OXX XXOO ,-10
OXX X OOX,-10
OXX X OO ,-10
OXX XXO O,-10
OXX X OXO,10
OXX X O O,10
OXX X O  ,-10
OXX  XOOX,10
OXX  XOO ,10
OXX  XOXO,-10
OXX  XO O,-10
OXX  XO  ,-10
OXX   OXO,10
OXX   OX ,-10
OXX   OOX,10
OXX   O X,-10
OXX   O  ,-10
OXXXX  OO,-10
OXXX X OO,-10
OXXX  XOO,-10
OXXX   OO,-10
OXXX   O ,-10
OXX XX OO,-10
OXX X XOO,10
OXX X  OO,10
OXX X  O ,-10
OXX  XXOO,-10
OXX  X OO,-10
OXX  X O ,-10
OXX   XOO,10
OXX   XO ,0
OXX    OX,0
OXX    O ,0
OXXX    O,-10
OXX X   O,10
OXX  X  O,-10
OXX   X O,-10
OXX    XO,-10
OXX     O,10
OXX      ,-10
OXOXXOXOX,0
OXOXXOXO ,0
OXOXXOX O,-10
OXOXXOX  ,-10
OXOXXO X ,10
OXOXXOOXX,10
OXOXXOO X,10
OXOXXO OX,0
OXOXXO  X,0
OXOXXO   ,10
OXOXXXO  ,10
OXOXX OX ,10
OXOXXXOOX,10
OXOXX OOX,10
OXOXX O X,10
OXOXX O  ,10
OXOXXX O ,10
OXOXXXXOO,10
OXOXX XOO,10
OXOXX XO ,0
OXOXX  OX,0
OXOXX  O ,10
OXOXXX  O,10
OXOXX X O,-10
OXOXX  XO,10
OXOXX   O,10
OXOXX    ,10
OXOXOXXOX,0
OXOXOXXO ,0
OXOXOXX O,-10
OXOXOXX  ,-10
OXOXOXOX ,-10
OXOXOX XO,-10
OXOXOX X ,-10
OXOXOXO X,-10
OXOXOX OX,0
OXOXOX  X,-10
OXOXOX   ,-10
OXOXXXOXO,10
OXOX XOXO,10
OXOX XOX ,-10
OXOX XOOX,10
OXOX XO X,-10
OXOX XO  ,10
OXOX XXOO,10
OXOX XXO ,0
OXOX X OX,0
OXOX X O ,10
OXOX XX O,-10
OXOX X XO,-10
OXOX X  O,10
OXOX X   ,-10
OXOXOOXXX,10
OXOXOOXX ,10
OXOXO XXO,-10
OXOXO XX ,-10
OXOXOOX X,10
OXOXO XOX,0
OXOXO X X,0
OXOXO X  ,0
OXOX OXXO,-10
OXOX OXX ,-10
OXOX OXOX,0
OXOX OX X,0
OXOX OX  ,0
OXOX  XOX,0
OXOX  XO ,0
OXOX  XXO,-10
OXOX  X O,-10
OXOX  X  ,-10
OXOXOO XX,10
OXOXO OXX,-10
OXOXO  XX,-10
OXOXO  X ,-10
OXOX OOXX,10
OXOX O XX,10
OXOX O X ,10
OXOX  OXX,-10
OXOX  OX ,10
OXOX   XO,10
OXOX   X ,-10
OXOXO   X,0
OXOX O  X,10
OXOX  O X,10
OXOX   OX,0
OXOX    X,0
OXOX     ,10
OX XOXOXO,-10
OX XOXOX ,-10
OX XOXOOX,10
OX XOXO X,-10
OX XOXO  ,-10
OX XOXXOO,-10
OX XOXXO ,-10
OX XOX OX,0
OX XOX O ,0
OX XOX  O,-10
OX XOX   ,-10
OX XOOXXO,-10
OX XOOXX ,-10
OX XOOXOX,0
OX XOOX X,0
OX XOOX  ,0
OX XO XOX,0
OX XO XO ,0
OX XO X O,-10
OX XO X  ,-10
OX XOOOXX,0
OX XOO XX,0
OX XOO X ,0
OX XO OXX,-10
OX XO OX ,-10
OX XO  XO,-10
OX XO  X ,-10
OX XOO  X,0
OX XO O X,0
OX XO  OX,0
OX XO   X,0
OX XO    ,0
OX XXOOX ,10
OX XXOOOX,0
OX XXOO X,0
OX XXOO  ,10
OX XXOXOO,10
OX XXOXO ,0
OX XXO OX,0
OX XXO O ,0
OX XXOX O,-10
OX XXO XO,10
OX XXO  O,10
OX XXO   ,0
OX X OXOX,0
OX X OXO ,0
OX X OXXO,-10
OX X OX O,-10
OX X OX  ,-10
OX X OOXX,0
OX X OOX ,10
OX X O XO,10
OX X O X ,0
OX X OO X,0
OX X O OX,0
OX X O  X,0
OX X O   ,0
OX XXXOO ,10
OX XX OOX,0
OX XX OO ,10
OX XXXO O,10
OX XX OXO,10
OX XX O O,10
OX XX O  ,10
OX X XOOX,10
OX X XOO ,10
OX X XOXO,-10
OX X XO O,10
OX X XO  ,-10
OX X  OXO,10
OX X  OX ,-10
OX X  OOX,10
OX X  O X,0
OX X  O  ,10
OX XXX OO,10
OX XX XOO,10
OX XX  OO,10
OX XX  O ,0
OX X XXOO,-10
OX X X OO,10
OX X X O ,0
OX X  XOO,10
OX X  XO ,0
OX X   OX,0
OX X   O ,0
OX XX   O,10
OX X X  O,-10
OX X  X O,-10
OX X   XO,-10
OX X    O,10
OX X     ,0
OXOOXXXOX,0
OXOOXXXO ,0
OXOOXXXXO,10
OXOOXXX O,10
OXOOXXX  ,0
OXOOXX X ,10
OXOOXXO X,-10
OXOOXX OX,0
OXOOXX  X,-10
OXOOXX   ,10
OXO XXOX ,10
OXO XXOOX,10
OXO XXO X,-10
OXO XXO  ,10
OXO XXXOO,10
OXO XXXO ,0
OXO XX OX,0
OXO XX O ,10
OXO XXX O,10
OXO XX XO,10
OXO XX  O,10
OXO XX   ,10
OXOOX XX ,10
OXOOXOXXX,10
OXOOXOX X,10
OXOOX XOX,0
OXOOX X X,0
OXOOX X  ,10
OXO XOXX ,10
OXO XOXOX,0
OXO XOX X,0
OXO XOX  ,10
OXO X XOX,0
OXO X XO ,0
OXO X XXO,10
OXO X X O,10
OXO X X  ,0
OXO X  X ,10
OXOOX  XX,10
OXOOX   X,10
OXO XO XX,10
OXO XO  X,10
OXO X OXX,10
OXO X O X,10
OXO X  OX,0
OXO X   X,0
OXO X    ,10
OX OXXO  ,-10
OX OXXXOO,10
OX OXXXO ,0
OX OXXOOX,-10
OX OXX OX,-10
OX OXX O ,0
OX OXXX O,10
OX OXX XO,10
OX OXX  O,10
OX OXX   ,-10
OX OXOXX ,10
OX OXOXOX,10
OX OXOX X,10
OX OXOX  ,10
OX OX XOX,0
OX OX XO ,10
OX OX XXO,10
OX OX X O,10
OX OX X  ,10
OX OX  X ,10
OX OXO XX,10
OX OXO  X,10
OX OX O X,-10
OX OX  OX,0
OX OX   X,-10
OX OX    ,10
OX  XOXOX,0
OX  XOXO ,10
OX  XOXXO,10
OX  XOX O,10
OX  XOX  ,10
OX  XO X ,10
OX  XOOXX,10
OX  XOO X,10
OX  XO OX,0
OX  XO  X,0
OX  XO   ,10
OX  XXOOX,-10
OX  XXOO ,10
OX  XXOXO,10
OX  XXO O,10
OX  XXO  ,-10
OX  X OX ,10
OX  X OOX,0
OX  X O X,-10
OX  X O  ,10
OX  XXXOO,10
OX  XX OO,10
OX  XX O ,0
OX  X XOO,10
OX  X XO ,0
OX  X  OX,0
OX  X  O ,0
OX  XX  O,10
OX  X X O,10
OX  X  XO,10
OX  X   O,10
OX  X    ,0
OXOOOXXXX,10
OXOOOXXX ,10
OXOO XXXO,10
OXOO XXX ,10
OXOOOXX X,10
OXOO XXOX,0
OXOO XX X,0
OXOO XX  ,10
OXO OXXXO,-10
OXO OXXX ,-10
OXO OXXOX,0
OXO OXX X,0
OXO OXX  ,0
OXO  XXOX,0
OXO  XXO ,0
OXO  XXXO,-10
OXO  XX O,10
OXO  XX  ,0
OXOOOX XX,10
OXOO XOXX,-10
OXOO X XX,-10
OXOO X X ,10
OXO OXOXX,-10
OXO OX XX,-10
OXO OX X ,-10
OXO  XOXX,-10
OXO  XOX ,10
OXO  X XO,10
OXO  X X ,-10
OXOO X  X,0
OXO OX  X,0
OXO  XO X,-10
OXO  X OX,0
OXO  X  X,-10
OXO  X   ,10
OX OOXXXO,-10
OX OOXXX ,-10
OX OOXXOX,10
OX OOXX X,10
OX OOXX  ,10
OX O XXOX,0
OX O XXO ,10
OX O XXXO,-10
OX O XX O,10
OX O XX  ,10
OX OOXOXX,-10
OX OOX XX,-10
OX OOX X ,-10
OX O XOX ,-10
OX O X XO,10
OX O X X ,-10
OX OOX  X,10
OX O XO X,-10
OX O X OX,10
OX O X  X,-10
OX O X   ,10
OX  OXXOX,0
OX  OXXO ,0
OX  OXX O,-10
OX  OXX  ,-10
OX  OXOXX,-10
OX  OXOX ,-10
OX  OX XO,-10
OX  OX X ,-10
OX  OXO X,10
OX  OX OX,10
OX  OX  X,0
OX  OX   ,0
OX   XOXO,10
OX   XOX ,-10
OX   XOOX,10
OX   XO X,-10
OX   XO  ,-10
OX   XXOO,10
OX   XXO ,0
OX   X OX,0
OX   X O ,0
OX   XX O,-10
OX   X XO,-10
OX   X  O,10
OX   X   ,-10
OXOO  XXX,10
OXOO  XX ,10
OXO O XXX,10
OXO O XX ,10
OXO  OXXX,10
OXO  OXX ,10
OXO   XXO,10
OXO   XX ,10
OXOO  X X,10
OXO O X X,10
OXO  OX X,10
OXO   XOX,0
OXO   X X,0
OXO   X  ,10
OX OO XXX,10
OX OO XX ,10
OX O OXXX,10
OX O OXX ,10
OX O  XXO,10
OX O  XX ,10
OX OO X X,10
OX O OX X,10
OX O  XOX,10
OX O  X X,10
OX O  X  ,10
OX  OOXXX,10
OX  OOXX ,10
OX  O XXO,-10
OX  O XX ,-10
OX  OOX X,10
OX  O XOX,0
OX  O X X,0
OX  O X  ,0
OX   OXXO,10
OX   OXX ,10
OX   OXOX,0
OX   OX X,0
OX   OX  ,10
OX    XOX,0
OX    XO ,0
OX    XXO,-10
OX    X O,10
OX    X  ,0
OXOO   XX,10
OXO O  XX,10
OXO  O XX,10
OXO   OXX,10
OXO    XX,10
OXO    X ,10
OX OO  XX,10
OX O O XX,10
OX O  OXX,-10
OX O   XX,-10
OX O   X ,10
OX  OO XX,10
OX  O OXX,-10
OX  O  XX,-10
OX  O  X ,-10
OX   OOXX,10
OX   O XX,10
OX   O X ,10
OX    OXX,-10
OX    OX ,10
OX     XO,10
OX     X ,-10
OXO     X,10
OX O    X,10
OX  O   X,0
OX   O  X,10
OX    O X,0
OX     OX,0
OX      X,0
OX       ,0
 XOXOXO  ,-10
 XOXOXXOO,10
 XOXOXXO ,0
 XOXOXOOX,-10
 XOXOX OX,-10
 XOXOX O ,0
 XOXOXX O,-10
 XOXOXOXO,-10
 XOXOX XO,-10
 XOXOX  O,-10
 XOXOX   ,-10
 XOXOOXXO,-10
 XOXOOXX ,-10
 XOXOOXOX,10
 XOXOOX X,10
 XOXOOX  ,10
 XOXO XOX,0
 XOXO XO ,10
 XOXO XXO,-10
 XOXO X O,10
 XOXO X  ,0
 XOXOOOXX,-10
 XOXOO XX,-10
 XOXOO X ,-10
 XOXO OX ,-10
 XOXO  XO,-10
 XOXO  X ,-10
 XOXOO  X,10
 XOXO O X,-10
 XOXO  OX,0
 XOXO   X,-10
 XOXO    ,0
 XOXXOOX ,10
 XOXXOOOX,10
 XOXXOO X,10
 XOXXOO  ,10
 XOXXOXOO,-10
 XOXXOXO ,-10
 XOXXO OX,0
 XOXXO O ,0
 XOXXO  O,-10
 XOXXO   ,-10
 XOX OXOX,0
 XOX OXO ,10
 XOX OX O,-10
 XOX OX  ,-10
 XOX OOXX,-10
 XOX OOX ,10
 XOX O XO,-10
 XOX O X ,-10
 XOX OO X,10
 XOX O OX,10
 XOX O  X,10
 XOX O   ,10
 XOXXXOO ,10
 XOXX OOX,10
 XOXX OO ,10
 XOXXXO O,10
 XOXX OXO,10
 XOXX O O,10
 XOXX O  ,10
 XOX XOOX,-10
 XOX XOO ,10
 XOX XOXO,-10
 XOX XO O,10
 XOX XO  ,-10
 XOX  OXO,10
 XOX  OX ,-10
 XOX  OOX,10
 XOX  O X,-10
 XOX  O  ,10
 XOXXX OO,10
 XOXX XOO,-10
 XOXX  OO,10
 XOXX  O ,0
 XOX XXOO,10
 XOX X OO,10
 XOX X O ,0
 XOX  XOO,10
 XOX  XO ,0
 XOX   OX,0
 XOX   O ,0
 XOXX   O,-10
 XOX X  O,-10
 XOX  X O,-10
 XOX   XO,-10
 XOX    O,-10
 XOX     ,-10
 XOOXXOX ,10
 XOOXXOOX,10
 XOOXXO X,-10
 XOOXXO  ,10
 XOOXXXOO,0
 XOOXXXO ,0
 XOOXX OX,0
 XOOXX O ,0
 XOOXXX O,0
 XOOXX XO,10
 XOOXX  O,10
 XOOXX   ,0
 XOOXOXX ,10
 XOOXOXOX,10
 XOOXOX X,10
 XOOXOX  ,10
 XOOX XOX,0
 XOOX XO ,0
 XOOX XXO,10
 XOOX X O,10
 XOOX X  ,0
 XOOX  X ,10
 XOOXO XX,10
 XOOXO  X,10
 XOOX OXX,10
 XOOX O X,10
 XOOX  OX,10
 XOOX   X,10
 XOOX    ,10
 XO XOXOX,0
 XO XOXO ,0
 XO XOX O,-10
 XO XOX  ,-10
 XO XO X ,10
 XO XOOXX,10
 XO XOO X,10
 XO XO OX,10
 XO XO  X,10
 XO XO   ,10
 XO XXOOX,10
 XO XXOO ,10
 XO XXOXO,10
 XO XXO O,10
 XO XXO  ,10
 XO X OX ,10
 XO X OOX,10
 XO X O X,10
 XO X O  ,10
 XO XXXOO,0
 XO XX OO,10
 XO XX O ,0
 XO X XOO,0
 XO X XO ,0
 XO X  OX,0
 XO X  O ,0
 XO XX  O,10
 XO X X O,-10
 XO X  XO,10
 XO X   O,10
 XO X    ,0
 XOOOXXXO,0
 XOOOXXX ,0
 XOOOXXOX,0
 XOOOXX X,0
 XOOOXX  ,0
 XOO XXOX,0
 XOO XXO ,0
 XOO XXXO,0
 XOO XX O,0
 XOO XX  ,0
 XOOOXOXX,-10
 XOOOX XX,-10
 XOOOX X ,0
 XOO XOXX,-10
 XOO XOX ,10
 XOO X XO,10
 XOO X X ,0
 XOOOX  X,0
 XOO XO X,-10
 XOO X OX,0
 XOO X  X,-10
 XOO X   ,0
 XO OXXOX,0
 XO OXXO ,0
 XO OXXXO,-10
 XO OXX O,0
 XO OXX  ,0
 XO OXOX ,-10
 XO OX XO,-10
 XO OX X ,-10
 XO OXO X,-10
 XO OX OX,0
 XO OX  X,-10
 XO OX   ,0
 XO  XOXO,10
 XO  XOX ,-10
 XO  XOOX,10
 XO  XO X,-10
 XO  XO  ,10
 XO  XXOO,10
 XO  XXO ,0
 XO  X OX,0
 XO  X O ,0
 XO  XX O,0
 XO  X XO,-10
 XO  X  O,10
 XO  X   ,0
 XOOO XXX,10
 XOOO XX ,10
 XOO OXXX,10
 XOO OXX ,10
 XOO  XXO,10
 XOO  XX ,10
 XOOO X X,10
 XOO OX X,10
 XOO  XOX,0
 XOO  X X,0
 XOO  X  ,10
 XO OOXXX,10
 XO OOXX ,10
 XO O XXO,-10
 XO O XX ,-10
 XO OOX X,10
 XO O XOX,0
 XO O X X,0
 XO O X  ,0
 XO  OXXO,-10
 XO  OXX ,-10
 XO  OXOX,10
 XO  OX X,10
 XO  OX  ,10
 XO   XOX,0
 XO   XO ,0
 XO   XXO,-10
 XO   X O,0
 XO   X  ,0
 XOOO  XX,10
 XOO O XX,10
 XOO  OXX,10
 XOO   XX,10
 XOO   X ,10
 XO OO XX,10
 XO O OXX,-10
 XO O  XX,-10
 XO O  X ,-10
 XO  OOXX,10
 XO  O XX,10
 XO  O X ,10
 XO   OXX,-10
 XO   OX ,10
 XO    XO,10
 XO    X ,-10
 XOO    X,10
 XO O   X,0
 XO  O  X,10
 XO   O X,10
 XO    OX,0
 XO     X,0
 XO      ,0
 XXOOXOXO,10
 XXOOXOX ,-10
 XXOOXO X,10
 XXOOXO  ,10
 XXOOXXOO,10
 XXOOXXO ,10
 XXOOX OX,10
 XXOOX O ,10
 XXOOXX O,-10
 XXOOX XO,-10
 XXOOX  O,10
 XXOOX   ,10
 XXOOOX  ,-10
 XXOOOXOX,-10
 XXOO XOX,-10
 XXOO XO ,10
 XXOOOXXO,-10
 XXOO XXO,-10
 XXOO X O,10
 XXOO X  ,-10
 XXOOO X ,-10
 XXOOOOXX,-10
 XXOO OXX,-10
 XXOO OX ,10
 XXOO  XO,10
 XXOO  X ,-10
 XXOOO  X,-10
 XXOO O X,10
 XXOO  OX,10
 XXOO   X,-10
 XXOO    ,10
 XXOXOOX ,10
XXXOXOOOX,10
 XXOXOOOX,10
 XXOXOO X,-10
 XXOXOO  ,10
 XXOXOXO ,10
 XXOXO OX,10
 XXOXO O ,10
 XXOXOX O,10
 XXOXO XO,10
 XXOXO  O,10
 XXOXO   ,10
 XXO OXOX,-10
 XXO OXO ,10
 XXO OXXO,-10
 XXO OX O,10
 XXO OX  ,-10
 XXO OOXX,-10
 XXO OOX ,10
 XXO O XO,10
 XXO O X ,-10
 XXO OO X,10
 XXO O OX,10
 XXO O  X,-10
 XXO O   ,10
 XXOXXOOO,-10
 XXOXXOO ,-10
 XXOX OOX,-10
 XXOX OO ,10
 XXOXXO O,-10
 XXOX OXO,10
 XXOX O O,10
 XXOX O  ,-10
 XXO XOOX,10
 XXO XOO ,10
 XXO XOXO,-10
 XXO XO O,10
 XXO XO  ,-10
 XXO  OXO,10
 XXO  OX ,-10
 XXO  OOX,10
 XXO  O X,-10
 XXO  O  ,10
 XXOXX OO,-10
 XXOX XOO,10
 XXOX  OO,10
 XXOX  O ,10
 XXO XXOO,10
 XXO X OO,10
 XXO X O ,10
 XXO  XOO,10
 XXO  XO ,10
 XXO   OX,10
 XXO   O ,10
 XXOX   O,10
 XXO X  O,-10
 XXO  X O,10
 XXO   XO,10
 XXO    O,10
 XXO     ,-10
 X OXOXOX,10
 X OXOXO ,10
 X OXOXXO,10
 X OXOX O,10
 X OXOX  ,10
 X OXO X ,10
 X OXOOXX,10
 X OXOO X,10
 X OXO OX,10
 X OXO  X,10
 X OXO   ,10
 X OXXOOX,-10
 X OXXOO ,-10
 X OXXOXO,10
 X OXXO O,10
 X OXXO  ,-10
 X OX OX ,10
 X OX OOX,10
 X OX O X,-10
 X OX O  ,10
 X OXXXOO,0
 X OXX OO,0
 X OXX O ,-10
 X OX XOO,10
 X OX XO ,0
 X OX  OX,0
 X OX  O ,10
 X OXX  O,0
 X OX X O,10
 X OX  XO,10
 X OX   O,10
 X OX    ,10
 X OOXXOX,0
 X OOXXO ,10
 X OOXXXO,-10
 X OOXX O,0
 X OOXX  ,0
 X OOXOXX,-10
 X OOXOX ,-10
 X OOX XO,0
 X OOX X ,-10
 X OOXO X,10
 X OOX OX,10
 X OOX  X,0
 X OOX   ,10
 X O XOXO,10
 X O XOX ,-10
 X O XOOX,10
 X O XO X,-10
 X O XO  ,10
 X O XXOO,10
 X O XXO ,0
 X O X OX,0
 X O X O ,10
 X O XX O,0
 X O X XO,0
 X O X  O,0
 X O X   ,0
 X OOOXX ,-10
 X OO XXO,-10
 X OO XX ,-10
 X OOOX X,-10
 X OO XOX,0
 X OO X X,-10
 X OO X  ,0
 X O OXXO,10
 X O OXX ,-10
 X O OXOX,10
 X O OX X,-10
 X O OX  ,10
 X O  XOX,0
 X O  XO ,10
 X O  XXO,-10
 X O  X O,10
 X O  X  ,0
 X OOO XX,-10
 X OO OXX,-10
 X OO  XX,-10
 X OO  X ,-10
 X O OOXX,10
 X O O XX,-10
 X O O X ,10
 X O  OXX,-10
 X O  OX ,10
 X O   XO,10
 X O   X ,-10
 X OO   X,0
 X O O  X,10
 X O  O X,10
 X O   OX,10
 X O    X,0
 X O     ,10
 XXXOOOXO,10
 XXXOOOX ,0
 XXXOOOOX,10
 XXXOOO X,0
 XXXOOO  ,10
XXXXOOXOO,10
 XXXOOXOO,10
 XXXOOXO ,0
 XXXOO OX,0
 XXXOO O ,10
 XXXOOX O,-10
 XXXOO XO,-10
 XXXOO  O,10
 XXXOO   ,0
 XX OOXOX,-10
 XX OOXO ,10
 XX OOXXO,-10
 XX OOX O,10
 XX OOX  ,-10
 XX OOOXX,-10
 XX OOOX ,10
 XX OO XO,10
 XX OO X ,-10
 XX OOO X,10
 XX OO OX,10
 XX OO  X,-10
 XX OO   ,10
 XXXOXOOO,-10
 XXXOXOO ,-10
 XXXO OOX,10
 XXXO OO ,10
 XXXOXO O,-10
 XXXO OXO,-10
 XXXO O O,10
 XXXO O  ,0
 XX OXOOX,10
 XX OXOO ,10
 XX OXOXO,-10
 XX OXO O,10
 XX OXO  ,10
 XX O OXO,10
 XX O OX ,-10
 XX O OOX,10
 XX O O X,10
 XX O O  ,10
 XXXOX OO,-10
 XXXO XOO,-10
 XXXO  OO,10
 XXXO  O ,0
 XX OXXOO,-10
 XX OX OO,10
 XX OX O ,10
 XX O XOO,10
 XX O XO ,0
 XX O  OX,10
 XX O  O ,10
 XXXO   O,-10
 XX OX  O,-10
 XX O X O,-10
 XX O  XO,-10
 XX O   O,10
 XX O    ,0
 X XOOXOX,0
 X XOOXO ,10
 X XOOXXO,-10
 X XOOX O,10
 X XOOX  ,0
 X XOOOXX,-10
 X XOOOX ,0
 X XOO XO,-10
 X XOO X ,-10
 X XOOO X,0
 X XOO OX,10
 X XOO  X,0
 X XOO   ,10
 X XOXOOX,-10
 X XOXOO ,-10
 X XOXOXO,-10
 X XOXO O,-10
 X XOXO  ,-10
 X XO OXO,-10
 X XO OX ,-10
 X XO OOX,10
 X XO O X,-10
 X XO O  ,0
 X XOXXOO,-10
 X XOX OO,-10
 X XOX O ,-10
 X XO XOO,10
 X XO XO ,0
 X XO  OX,0
 X XO  O ,10
 X XOX  O,-10
 X XO X O,-10
 X XO  XO,-10
 X XO   O,10
 X XO    ,0
 X  OXOXO,-10
 X  OXOX ,-10
 X  OXOOX,10
 X  OXO X,-10
 X  OXO  ,10
 X  OXXOO,10
 X  OXXO ,0
 X  OX OX,0
 X  OX O ,10
 X  OXX O,-10
 X  OX XO,-10
 X  OX  O,0
 X  OX   ,0
 X  OOXXO,-10
 X  OOXX ,-10
 X  OOXOX,0
 X  OOX X,-10
 X  OOX  ,0
 X  O XOX,0
 X  O XO ,10
 X  O XXO,-10
 X  O X O,10
 X  O X  ,0
 X  OOOXX,-10
 X  OO XX,-10
 X  OO X ,-10
 X  O OXX,-10
 X  O OX ,-10
 X  O  XO,-10
 X  O  X ,-10
 X  OO  X,0
 X  O O X,10
 X  O  OX,10
 X  O   X,0
 X  O    ,0
 XXXXOOOO,-10
 XXXXOOO ,-10
 XXX OOOX,0
 XXX OOO ,10
 XXXXOO O,-10
 XXX OOXO,10
 XXX OO O,10
 XXX OO  ,0
 XX XOOOX,0
 XX XOOO ,10
 XX XOOXO,10
 XX XOO O,10
 XX XOO  ,10
 XX  OOXO,10
 XX  OOX ,10
 XX  OOOX,10
 XX  OO X,0
 XX  OO  ,10
 XXXXO OO,-10
 XXX OXOO,10
 XXX O OO,10
 XXX O O ,0
 XX XOXOO,10
 XX XO OO,10
 XX XO O ,10
 XX  OXOO,10
 XX  OXO ,10
 XX  O OX,0
 XX  O O ,10
 XXX O  O,10
 XX XO  O,10
 XX  OX O,10
 XX  O XO,10
 XX  O  O,10
 XX  O   ,10
 X XXOOOX,0
 X XXOOO ,0
 X XXOOXO,10
 X XXOO O,10
 X XXOO  ,0
 X X OOXO,10
 X X OOX ,0
 X X OOOX,10
 X X OO X,0
 X X OO  ,0
 X XXOXOO,-10
 X XXO OO,-10
 X XXO O ,-10
 X X OXOO,10
 X X OXO ,0
 X X O OX,0
 X X O O ,10
 X XXO  O,-10
 X X OX O,-10
 X X O XO,-10
 X X O  O,10
 X X O   ,0
 X  XOOX ,10
 X  XOOOX,10
 X  XOO X,10
 X  XOO  ,10
 X  XOXOO,10
 X  XOXO ,0
 X  XO OX,0
 X  XO O ,10
 X  XOX O,-10
 X  XO XO,10
 X  XO  O,10
 X  XO   ,10
 X   OXOX,0
 X   OXO ,10
 X   OXXO,-10
 X   OX O,10
 X   OX  ,0
 X   OOXX,-10
 X   OOX ,10
 X   O XO,10
 X   O X ,-10
 X   OO X,10
 X   O OX,10
 X   O  X,0
 X   O   ,10
 XXX  OOO,-10
 XXX  OO ,-10
 XX X OOO,-10
 XX X OO ,-10
 XX  XOOO,-10
 XX  XOO ,-10
 XX   OOX,10
 XX   OO ,10
 XXX  O O,-10
 XX X O O,-10
 XX  XO O,-10
 XX   OXO,10
 XX   O O,10
 XX   O  ,-10
 X XX OOO,-10
 X XX OO ,-10
 X X XOOO,-10
 X X XOO ,-10
 X X  OOX,10
 X X  OO ,10
 X XX O O,-10
 X X XO O,-10
 X X  OXO,-10
 X X  O O,-10
 X X  O  ,-10
 X  XXOOO,-10
 X  XXOO ,-10
 X  X OOX,0
 X  X OO ,0
 X  XXO O,-10
 X  X OXO,10
 X  X O O,10
 X  X O  ,0
 X   XOOX,10
 X   XOO ,10
 X   XOXO,-10
 X   XO O,-10
 X   XO  ,-10
 X    OXO,10
 X    OX ,-10
 X    OOX,10
 X    O X,0
 X    O  ,10
 XXX   OO,-10
 XX X  OO,-10
 XX  X OO,-10
 XX   XOO,10
 XX    OO,10
 XX    O ,0
 X XX  OO,-10
 X X X OO,-10
 X X  XOO,10
 X X   OO,10
 X X   O ,0
 X  XX OO,-10
 X  X XOO,0
 X  X  OO,0
 X  X  O ,0
 X   XXOO,10
 X   X OO,10
 X   X O ,0
 X    XOO,10
 X    XO ,0
 X     OX,0
 X     O ,0
 XX     O,10
 X X    O,-10
 X  X   O,0
 X   X  O,-10
 X    X O,0
 X     XO,-10
 X      O,10
 X       ,0
OOXXXOX  ,10
OOXXXOOXX,0
OOXXXOOX ,0
OOXXXOXXO,10
OOXXXO XO,10
OOXXXO X ,0
OOXXXOO X,0
OOXXXOXOX,10
OOXXXO OX,10
OOXXXO  X,0
OOXXXO   ,10
OOXXXXO  ,10
OOXXXXOXO,10
OOXXX OXO,10
OOXXX OX ,0
OOXXXXOOX,10
OOXXX OOX,10
OOXXX O X,0
OOXXX O  ,10
OOXXXX O ,10
OOXXX XO ,10
OOXXX  OX,10
OOXXX  O ,10
OOXXXX  O,10
OOXXX X O,10
OOXXX  XO,10
OOXXX   O,10
OOXXX    ,10
OOXXOXXO ,-10
OOXXOXX O,-10
OOXXOXX  ,-10
OOXXOXOXX,10
OOXXOXOX ,10
OOXXOX XO,-10
OOXXOX X ,-10
OOXXOX  X,10
OOXXOX   ,10
OOXX XOXO,10
OOXX XOX ,10
OOXX XO X,10
OOXX XO  ,10
OOXXXXXOO,10
OOXX XXOO,10
OOXX XXO ,-10
OOXX X OX,10
OOXX X O ,10
OOXX XX O,-10
OOXX X XO,-10
OOXX X  O,10
OOXX X   ,10
OOXXOOXXX,10
OOXXOOXX ,10
OOXXO XXO,-10
OOXXO XX ,-10
OOXXOOX X,10
OOXXO XOX,-10
OOXXO X X,-10
OOXXO X  ,-10
OOXX OXXO,10
OOXX OXX ,10
OOXX OXOX,10
OOXX OX X,10
OOXX OX  ,10
OOXX  XOX,-10
OOXX  XO ,10
OOXX  XXO,-10
OOXX  X O,10
OOXX  X  ,-10
OOXXOO XX,10
OOXXO OXX,10
OOXXO  XX,10
OOXXO  X ,10
OOXX OOXX,0
OOXX O XX,0
OOXX O X ,10
OOXX  OXX,0
OOXX  OX ,10
OOXX   XO,10
OOXX   X ,10
OOXXO   X,10
OOXX O  X,10
OOXX  O X,10
OOXX   OX,10
OOXX    X,10
OOXX     ,10
O XXOXOXO,-10
O XXOXOX ,-10
O XXOXO X,10
O XXOXO  ,10
O XXOXXOO,-10
O XXOXXO ,-10
O XXOX OX,10
O XXOX O ,10
O XXOX  O,-10
O XXOX   ,-10
O XXOOXXO,-10
O XXOOXX ,-10
O XXOOXOX,0
O XXOOX X,0
O XXOOX  ,0
O XXO XOX,-10
O XXO XO ,-10
O XXO X O,-10
O XXO X  ,-10
O XXOOOXX,0
O XXOO XX,0
O XXOO X ,0
O XXO OXX,0
O XXO OX ,0
O XXO  XO,-10
O XXO  X ,-10
O XXOO  X,0
O XXO O X,10
O XXO  OX,10
O XXO   X,0
O XXO    ,0
O XXXOOXO,10
O XXXOOX ,0
O XXXOOOX,0
O XXXOO X,0
O XXXOO  ,0
O XXXOXO ,10
O XXXO OX,0
O XXXO O ,10
O XXXOX O,10
O XXXO XO,10
O XXXO  O,10
O XXXO   ,0
O XX OXOX,0
O XX OXO ,10
O XX OXXO,-10
O XX OX O,10
O XX OX  ,0
O XX OOXX,0
O XX OOX ,0
O XX O XO,10
O XX O X ,0
O XX OO X,0
O XX O OX,0
O XX O  X,0
O XX O   ,0
O XXXXOO ,10
O XXX OOX,0
O XXX OO ,10
O XXXXO O,10
O XXX OXO,10
O XXX O O,10
O XXX O  ,0
O XX XOOX,10
O XX XOO ,10
O XX XOXO,-10
O XX XO O,10
O XX XO  ,10
O XX  OXO,10
O XX  OX ,0
O XX  OOX,10
O XX  O X,0
O XX  O  ,10
O XXXX OO,10
O XXX XOO,10
O XXX  OO,10
O XXX  O ,10
O XX XXOO,-10
O XX X OO,10
O XX X O ,10
O XX  XOO,10
O XX  XO ,-10
O XX   OX,0
O XX   O ,10
O XXX   O,10
O XX X  O,-10
O XX  X O,-10
O XX   XO,-10
O XX    O,10
O XX     ,0
OOXOXXX  ,10
OOXOXXOX ,-10
OOXOXXXXO,10
OOXOXX XO,10
OOXOXX X ,-10
OOXOXX  X,10
OOXOXX   ,10
OOX XXOXO,10
OOX XXOX ,-10
OOX XXO X,10
OOX XXO  ,10
OOX XXXO ,10
OOX XX OX,10
OOX XX O ,10
OOX XXX O,10
OOX XX XO,10
OOX XX  O,10
OOX XX   ,10
OOX X X  ,10
OOXOX XX ,10
OOXOXOXXX,10
OOXOXO XX,10
OOXOX OXX,-10
OOXOX  XX,-10
OOXOX  X ,10
OOX XOXX ,10
OOX XOOXX,0
OOX XO XX,0
OOX XO X ,10
OOX X OXX,-10
OOX X OX ,0
OOX X XXO,10
OOX X  XO,10
OOX X  X ,0
OOXOX X X,10
OOXOX   X,10
OOX XOX X,10
OOX XO  X,10
OOX X O X,10
OOX X XOX,10
OOX X  OX,10
OOX X   X,10
OOX X    ,10
O XOXXO  ,-10
O XOXXXO ,10
O XOXX OX,10
O XOXX O ,10
O XOXXX O,10
O XOXXOXO,-10
O XOXX XO,-10
O XOXX  O,10
O XOXX   ,-10
O XOX X  ,10
O XOXOXX ,10
O XOXOOXX,-10
O XOXO XX,-10
O XOXO X ,10
O XOX OX ,-10
O XOX XXO,10
O XOX  XO,10
O XOX  X ,-10
O XOXOX X,10
O XOXO  X,10
O XOX O X,-10
O XOX XOX,10
O XOX  OX,10
O XOX   X,-10
O XOX    ,10
O X XOX  ,10
O X XOOXX,-10
O X XOOX ,10
O X XOXXO,10
O X XO XO,10
O X XO X ,10
O X XOO X,0
O X XOXOX,10
O X XO OX,10
O X XO  X,0
O X XO   ,10
O X XXOOX,10
O X XXOO ,10
O X XXOXO,-10
O X XXO O,10
O X XXO  ,-10
O X X OXO,10
O X X OX ,-10
O X X OOX,10
O X X O X,-10
O X X O  ,0
O X XXXOO,10
O X XX OO,10
O X XX O ,10
O X X XO ,10
O X X  OX,10
O X X  O ,10
O X XX  O,10
O X X X O,10
O X X  XO,10
O X X   O,10
O X X    ,0
OOXOOXXXX,10
OOXOOXXX ,10
OOXO XXXO,10
OOXO XXX ,10
OOXO XX X,10
OOXO XX  ,10
OOX OXXXO,-10
OOX OXXX ,-10
OOX OXX X,10
OOX OXX  ,10
OOX  XXOX,10
OOX  XXO ,10
OOX  XXXO,-10
OOX  XX O,10
OOX  XX  ,10
OOXO X XX,10
OOXO X X ,10
OOX OX XX,10
OOX OX X ,10
OOX  XOXX,10
OOX  XOX ,10
OOX  X XO,10
OOX  X X ,10
OOX  X  X,10
OOX  X   ,10
O XOOXXXO,-10
O XOOXXX ,-10
O XOOXX X,10
O XOOXX  ,10
O XO XXOX,10
O XO XXO ,10
O XO XXXO,-10
O XO XX O,10
O XO XX  ,10
O XOOX XX,10
O XOOX X ,10
O XO XOX ,-10
O XO X XO,-10
O XO X X ,-10
O XO X  X,10
O XO X   ,10
O X OXXOX,10
O X OXXO ,10
O X OXX O,-10
O X OXX  ,-10
O X OXOXX,10
O X OXOX ,10
O X OX XO,-10
O X OX X ,-10
O X OX  X,10
O X OX   ,10
O X  XOXO,-10
O X  XOX ,-10
O X  XO X,10
O X  XO  ,10
O X  XXOO,10
O X  XXO ,10
O X  X OX,10
O X  X O ,10
O X  XX O,-10
O X  X XO,-10
O X  X  O,10
O X  X   ,10
OOXO  XXX,10
OOXO  XX ,10
OOX O XXX,10
OOX O XX ,10
OOX  OXXX,10
OOX  OXX ,10
OOX   XXO,10
OOX   XX ,10
OOXO  X X,10
OOX O X X,10
OOX  OX X,10
OOX   XOX,10
OOX   X X,10
OOX   X  ,10
O XOO XXX,10
O XOO XX ,10
O XO OXXX,10
O XO OXX ,10
O XO  XXO,10
O XO  XX ,10
O XOO X X,10
O XO OX X,10
O XO  XOX,10
O XO  X X,10
O XO  X  ,10
O X OOXXX,10
O X OOXX ,10
O X O XXO,-10
O X O XX ,-10
O X OOX X,10
O X O XOX,10
O X O X X,10
O X O X  ,10
O X  OXXO,10
O X  OXX ,10
O X  OXOX,10
O X  OX X,10
O X  OX  ,10
O X   XOX,10
O X   XO ,10
O X   XXO,-10
O X   X O,10
O X   X  ,10
OOXO   XX,10
OOX O  XX,10
OOX  O XX,10
OOX   OXX,10
OOX    XX,10
OOX    X ,10
O XOO  XX,10
O XO O XX,10
O XO  OXX,-10
O XO   XX,-10
O XO   X ,10
O X OO XX,10
O X O OXX,10
O X O  XX,10
O X O  X ,10
O X  OOXX,0
O X  O XX,0
O X  O X ,10
O X   OXX,-10
O X   OX ,0
O X    XO,10
O X    X ,0
OOX     X,10
O XO    X,10
O X O   X,10
O X  O  X,10
O X   O X,10
O X    OX,10
O X     X,10
O X      ,10
 OXXOXOXO,0
 OXXOXOX ,0
 OXXOXO X,10
 OXXOXO  ,10
 OXXOX O ,-10
 OXXOXXOO,-10
 OXXOXX O,-10
 OXXOX XO,-10
 OXXOX  O,-10
 OXXOX   ,-10
 OXXOOXXO,10
 OXXOOXX ,10
 OXXOOXOX,-10
 OXXOOX X,-10
 OXXOOX  ,10
 OXXO XO ,-10
 OXXO XXO,-10
 OXXO X O,10
 OXXO X  ,-10
 OXXOOOXX,0
 OXXOO XX,0
 OXXOO X ,10
 OXXO OXX,0
 OXXO OX ,0
 OXXO  XO,0
 OXXO  X ,0
 OXXOO  X,0
 OXXO O X,10
 OXXO  OX,-10
 OXXO   X,-10
 OXXO    ,0
 OXXXOOXO,0
 OXXXOOX ,0
 OXXXOOOX,10
 OXXXOO X,0
 OXXXOO  ,0
 OXXXOXO ,10
 OXXXO OX,10
 OXXXO O ,10
 OXXXOX O,10
 OXXXO XO,0
 OXXXO  O,10
 OXXXO   ,0
 OXX OXOX,-10
 OXX OXO ,10
 OXX OXXO,10
 OXX OX O,10
 OXX OX  ,10
 OXX OOXX,0
 OXX OOX ,0
 OXX O XO,10
 OXX O X ,0
 OXX OO X,0
 OXX O OX,10
 OXX O  X,0
 OXX O   ,10
 OXXXXOO ,10
 OXXX OOX,10
 OXXX OO ,10
 OXXXXO O,10
 OXXX OXO,0
 OXXX O O,10
 OXXX O  ,0
 OXX XOOX,10
 OXX XOO ,10
 OXX XOXO,0
 OXX XO O,10
 OXX XO  ,10
 OXX  OXO,0
 OXX  OX ,0
 OXX  OOX,10
 OXX  O X,0
 OXX  O  ,10
 OXXXX OO,10
 OXXX XOO,10
 OXXX  OO,10
 OXXX  O ,10
 OXX XXOO,-10
 OXX X OO,10
 OXX X O ,-10
 OXX  XOO,10
 OXX  XO ,-10
 OXX   OX,-10
 OXX   O ,10
 OXXX   O,10
 OXX X  O,-10
 OXX  X O,10
 OXX   XO,0
 OXX    O,10
 OXX     ,0
 OXOXXOXO,0
 OXOXXOX ,-10
 OXOXXO X,10
 OXOXXO  ,10
 OXOXXXO ,10
 OXOXX OX,10
 OXOXX O ,10
 OXOXXX O,10
 OXOXX XO,0
 OXOXX  O,10
 OXOXX   ,10
 OXOX X  ,10
 OXOXOXX ,10
 OXOXOOXX,10
 OXOXO XX,10
 OXOXO X ,10
 OXOX OXX,-10
 OXOX OX ,0
 OXOX XXO,10
 OXOX  XO,10
 OXOX  X ,0
 OXOXOX X,10
 OXOXO  X,10
 OXOX O X,10
 OXOX XOX,10
 OXOX  OX,10
 OXOX   X,10
 OXOX    ,10
 OX XOX  ,10
 OX XOOXX,0
 OX XOOX ,0
 OX XOXXO,10
 OX XO XO,10
 OX XO X ,0
 OX XOO X,10
 OX XOXOX,10
 OX XO OX,10
 OX XO  X,10
 OX XO   ,10
 OX XXOOX,10
 OX XXOO ,10
 OX XXOXO,0
 OX XXO O,10
 OX XXO  ,10
 OX X OXO,0
 OX X OX ,0
 OX X OOX,10
 OX X O X,10
 OX X O  ,10
 OX XXXOO,10
 OX XX OO,10
 OX XX O ,10
 OX X XO ,10
 OX X  OX,10
 OX X  O ,10
 OX XX  O,10
 OX X X O,10
 OX X  XO,0
 OX X   O,10
 OX X    ,10
 OXOOXXXO,0
 OXOOXXX ,0
 OXOOXX X,10
 OXOOXX  ,10
 OXO XXOX,10
 OXO XXO ,10
 OXO XXXO,0
 OXO XX O,10
 OXO XX  ,10
 OXOOX XX,10
 OXOOX X ,10
 OXO XOXX,10
 OXO XOX ,10
 OXO X XO,0
 OXO X X ,0
 OXO X  X,10
 OXO X   ,10
 OX OXXO ,-10
 OX OXXXO,-10
 OX OXX O,-10
 OX OXX  ,-10
 OX OXOXX,10
 OX OXOX ,10
 OX OX XO,0
 OX OX X ,0
 OX OX  X,10
 OX OX   ,10
 OX  XOXO,0
 OX  XOX ,0
 OX  XO X,10
 OX  XO  ,10
 OX  XXOO,10
 OX  XXO ,-10
 OX  X OX,10
 OX  X O ,10
 OX  XX O,-10
 OX  X XO,0
 OX  X  O,10
 OX  X   ,10
 OXOO XXX,10
 OXOO XX ,10
 OXO OXXX,10
 OXO OXX ,10
 OXO  XXO,10
 OXO  XX ,10
 OXOO X X,10
 OXO OX X,10
 OXO  XOX,10
 OXO  X X,10
 OXO  X  ,10
 OX OOXXX,10
 OX OOXX ,10
 OX O XXO,0
 OX O XX ,0
 OX OOX X,10
 OX O XOX,-10
 OX O X X,-10
 OX O X  ,0
 OX  OXXO,10
 OX  OXX ,10
 OX  OXOX,10
 OX  OX X,10
 OX  OX  ,10
 OX   XOX,-10
 OX   XO ,10
 OX   XXO,0
 OX   X O,10
 OX   X  ,0
 OXOO  XX,10
 OXO O XX,10
 OXO  OXX,10
 OXO   XX,10
 OXO   X ,10
 OX OO XX,10
 OX O OXX,10
 OX O  XX,10
 OX O  X ,10
 OX  OOXX,0
 OX  O XX,0
 OX  O X ,10
 OX   OXX,0
 OX   OX ,0
 OX    XO,0
 OX    X ,0
 OXO    X,10
 OX O   X,10
 OX  O  X,10
 OX   O X,10
 OX    OX,10
 OX     X,10
 OX      ,10
  XOXOX  ,10
  XOXOOXX,-10
  XOXOOX ,10
  XOXOXXO,10
  XOXO XO,10
  XOXO X ,10
  XOXOO X,10
  XOXOXOX,10
  XOXO OX,10
  XOXO  X,10
  XOXO   ,10
  XOXXOOX,10
  XOXXOO ,10
  XOXXOXO,-10
  XOXXO O,-10
  XOXXO  ,-10
  XOX OXO,10
  XOX OX ,-10
  XOX OOX,10
  XOX O X,-10
  XOX O  ,10
  XOXXXOO,10
  XOXX OO,10
  XOXX O ,10
  XOX XO ,10
  XOX  OX,10
  XOX  O ,10
  XOXX  O,-10
  XOX X O,10
  XOX  XO,10
  XOX   O,10
  XOX    ,10
  XOOXXOX,10
  XOOXXO ,10
  XOOXXXO,-10
  XOOXX O,0
  XOOXX  ,0
  XOOXOXX,10
  XOOXOX ,10
  XOOX XO,0
  XOOX X ,0
  XOOX  X,10
  XOOX   ,10
  XO XOXO,0
  XO XOX ,-10
  XO XO X,10
  XO XO  ,10
  XO XXOO,10
  XO XXO ,10
  XO X OX,10
  XO X O ,10
  XO XX O,0
  XO X XO,-10
  XO X  O,0
  XO X   ,0
  XOOOXX ,-10
  XOO XXO,-10
  XOO XX ,-10
  XOOOX X,-10
  XOO XOX,10
  XOO X X,-10
  XOO X  ,0
  XO OXXO,10
  XO OXX ,-10
  XO OXOX,10
  XO OX X,-10
  XO OX  ,10
  XO  XOX,10
  XO  XO ,10
  XO  XXO,-10
  XO  X O,10
  XO  X  ,0
  XOOO XX,-10
  XOO OXX,10
  XOO  XX,-10
  XOO  X ,0
  XO OOXX,-10
  XO O XX,-10
  XO O X ,10
  XO  OXX,-10
  XO  OX ,10
  XO   XO,10
  XO   X ,0
  XOO   X,10
  XO O  X,10
  XO  O X,10
  XO   OX,10
  XO    X,10
  XO     ,10
  XXOOXOX,-10
  XXOOXO ,10
  XXOOXXO,-10
  XXOOX O,10
  XXOOX  ,0
  XXOOOXX,0
  XXOOOX ,0
  XXOO XO,10
  XXOO X ,0
  XXOOO X,0
  XXOO OX,0
  XXOO  X,0
  XXOO   ,10
  XXOXOOX,10
  XXOXOO ,10
  XXOXOXO,-10
  XXOXO O,-10
  XXOXO  ,-10
  XXO OXO,0
  XXO OX ,0
  XXO OOX,10
  XXO O X,0
  XXO O  ,0
  XXOXXOO,-10
  XXOX OO,-10
  XXOX O ,-10
  XXO XOO,10
  XXO XO ,-10
  XXO  OX,-10
  XXO  O ,0
  XXOX  O,-10
  XXO X O,-10
  XXO  XO,-10
  XXO   O,10
  XXO    ,0
  X OXOXO,0
  X OXOX ,0
  X OXO X,10
  X OXO  ,10
  X OXXOO,-10
  X OXXO ,-10
  X OX OX,10
  X OX O ,10
  X OXX O,-10
  X OX XO,-10
  X OX  O,0
  X OX   ,0
  X OOXXO,-10
  X OOXX ,-10
  X OOXOX,-10
  X OOX X,-10
  X OOX  ,0
  X O XOX,-10
  X O XO ,0
  X O XXO,-10
  X O X O,10
  X O X  ,0
  X OOOXX,0
  X OO XX,-10
  X OO X ,0
  X O OXX,0
  X O OX ,0
  X O  XO,0
  X O  X ,0
  X OO  X,0
  X O O X,10
  X O  OX,10
  X O   X,0
  X O    ,0
  XXXOOOX,0
  XXXOOO ,0
  XXXOOXO,0
  XXXOO O,0
  XXXOO  ,0
  XX OOXO,10
  XX OOX ,0
  XX OOOX,10
  XX OO X,0
  XX OO  ,0
  XXXOXOO,10
  XXXO OO,10
  XXXO O ,0
  XX OXOO,10
  XX OXO ,10
  XX O OX,0
  XX O O ,10
  XXXO  O,0
  XX OX O,10
  XX O XO,10
  XX O  O,10
  XX O   ,0
  X XOOXO,10
  X XOOX ,0
  X XOOOX,10
  X XOO X,0
  X XOO  ,10
  X XOXO ,10
  X XO OX,10
  X XO O ,10
  X XOX O,10
  X XO XO,10
  X XO  O,10
  X XO   ,10
  X  OXOX,-10
  X  OXO ,10
  X  OXXO,-10
  X  OX O,10
  X  OX  ,0
  X  OOXX,-10
  X  OOX ,10
  X  O XO,10
  X  O X ,0
  X  OO X,10
  X  O OX,10
  X  O  X,0
  X  O   ,10
  XXX OOO,-10
  XXX OO ,-10
  XX XOOO,-10
  XX XOO ,-10
  XX  OOX,10
  XX  OO ,10
  XXX O O,-10
  XX XO O,-10
  XX  OXO,0
  XX  O O,0
  XX  O  ,0
  X XXOOO,-10
  X XXOO ,-10
  X X OOX,10
  X X OO ,10
  X XXO O,-10
  X X OXO,0
  X X O O,0
  X X O  ,0
  X  XOOX,10
  X  XOO ,10
  X  XOXO,-10
  X  XO O,-10
  X  XO  ,-10
  X   OXO,10
  X   OX ,0
  X   OOX,10
  X   O X,10
  X   O  ,10
  XXX  OO,-10
  XX X OO,-10
  XX  XOO,10
  XX   OO,10
  XX   O ,0
  X XX OO,-10
  X X XOO,10
  X X  OO,10
  X X  O ,10
  X  XXOO,-10
  X  X OO,-10
  X  X O ,-10
  X   XOO,10
  X   XO ,0
  X    OX,10
  X    O ,10
  XX    O,0
  X X   O,0
  X  X  O,-10
  X   X O,10
  X    XO,0
  X     O,10
  X      ,0
OO XXX   ,10
OOOXX X  ,-10
OOOXXOXX ,-10
OO XXOXXO,10
OO XXOXX ,-10
OOOXXOX X,-10
OO XXOXOX,10
OO XXOX X,-10
OO XXOX  ,10
OO XXXXO ,10
OOOXX XOX,-10
OO XX XOX,-10
OO XX XO ,10
OO XXXX O,10
OOOXX XXO,-10
OO XX XXO,-10
OO XX X O,10
OO XX X  ,-10
OOOXX  X ,-10
OOOXXO XX,-10
OO XXOOXX,0
OO XXO XX,-10
OO XXO X ,0
OO XXXOX ,10
OOOXX OXX,-10
OO XX OXX,-10
OO XX OX ,10
OO XXX XO,10
OO XX  XO,10
OO XX  X ,-10
OOOXX   X,-10
OO XXO  X,0
OO XXXO X,10
OO XX O X,10
OO XXX OX,10
OO XX  OX,10
OO XX   X,-10
OO XX    ,10
O OXXX   ,10
O OXXOXXO,-10
O OXXOXX ,-10
O OXXOXOX,0
O OXXOX X,-10
O OXXOX  ,-10
O OXXXXO ,10
O OXX XOX,-10
O OXX XO ,10
O OXXXX O,10
O OXX XXO,-10
O OXX X O,10
O OXX X  ,-10
O OXXOOXX,10
O OXXO XX,-10
O OXXO X ,10
O OXXXOX ,10
O OXX OXX,-10
O OXX OX ,10
O OXXX XO,10
O OXX  XO,10
O OXX  X ,-10
O OXXO  X,0
O OXXXO X,10
O OXX O X,10
O OXXX OX,10
O OXX  OX,10
O OXX   X,-10
O OXX    ,10
O  XXOXOX,0
O  XXOXO ,10
O  XXOXXO,-10
O  XXOX O,10
O  XXOX  ,-10
O  XXOOXX,0
O  XXOOX ,10
O  XXO XO,10
O  XXO X ,0
O  XXOO X,0
O  XXO OX,0
O  XXO  X,0
O  XXO   ,0
O  XXXO  ,10
O  XXXOXO,10
O  XX OXO,10
O  XX OX ,10
O  XXXOOX,10
O  XX OOX,10
O  XX O X,0
O  XX O  ,10
O  XXX O ,10
O  XXXXOO,10
O  XX XOO,10
O  XX XO ,10
O  XX  OX,0
O  XX  O ,10
O  XXX  O,10
O  XX X O,10
O  XX  XO,10
O  XX   O,10
O  XX    ,0
OOOX XX  ,-10
OOOXOXXX ,-10
OO XOXXXO,-10
OO XOXXX ,-10
OOOXOXX X,-10
OO XOXXOX,-10
OO XOXX X,-10
OO XOXX  ,-10
OOOX XXOX,-10
OO X XXOX,-10
OO X XXO ,10
OOOX XXXO,-10
OO X XXXO,-10
OO X XX O,10
OO X XX  ,-10
OOOX X X ,-10
OOOXOX XX,-10
OO XOXOXX,10
OO XOX XX,-10
OO XOX X ,-10
OOOX XOXX,-10
OO X XOXX,-10
OO X XOX ,10
OO X X XO,10
OO X X X ,-10
OOOX X  X,-10
OO XOX  X,10
OO X XO X,10
OO X X OX,10
OO X X  X,-10
OO X X   ,10
O OXOXXXO,-10
O OXOXXX ,-10
O OXOXXOX,0
O OXOXX X,-10
O OXOXX  ,-10
O OX XXOX,-10
O OX XXO ,10
O OX XXXO,-10
O OX XX O,10
O OX XX  ,-10
O OXOXOXX,-10
O OXOX XX,-10
O OXOX X ,-10
O OX XOXX,-10
O OX XOX ,10
O OX X XO,10
O OX X X ,-10
O OXOX  X,-10
O OX XO X,10
O OX X OX,10
O OX X  X,-10
O OX X   ,10
O  XOXXOX,-10
O  XOXXO ,-10
O  XOXX O,-10
O  XOXX  ,-10
O  XOXOXX,-10
O  XOXOX ,-10
O  XOX XO,-10
O  XOX X ,-10
O  XOXO X,10
O  XOX OX,10
O  XOX  X,-10
O  XOX   ,-10
O  X XOXO,10
O  X XOX ,-10
O  X XOOX,10
O  X XO X,10
O  X XO  ,10
O  X XXOO,10
O  X XXO ,-10
O  X X OX,10
O  X X O ,10
O  X XX O,-10
O  X X XO,-10
O  X X  O,10
O  X X   ,-10
OOOX  XX ,-10
OO XO XXX,10
OO XO XX ,10
OO X OXXX,10
OO X OXX ,10
OO X  XXO,-10
OO X  XX ,-10
OOOX  X X,-10
OO XO X X,10
OO X OX X,10
OO X  XOX,-10
OO X  X X,-10
OO X  X  ,-10
O OXO XXX,10
O OXO XX ,10
O OX OXXX,10
O OX OXX ,10
O OX  XXO,-10
O OX  XX ,-10
O OXO X X,10
O OX OX X,10
O OX  XOX,0
O OX  X X,-10
O OX  X  ,-10
O  XOOXXX,10
O  XOOXX ,10
O  XO XXO,-10
O  XO XX ,-10
O  XOOX X,10
O  XO XOX,0
O  XO X X,0
O  XO X  ,0
O  X OXXO,-10
O  X OXX ,-10
O  X OXOX,0
O  X OX X,0
O  X OX  ,0
O  X  XOX,-10
O  X  XO ,10
O  X  XXO,-10
O  X  X O,10
O  X  X  ,-10
OOOX   XX,-10
OO XO  XX,10
OO X O XX,10
OO X  OXX,0
OO X   XX,-10
OO X   X ,10
O OXO  XX,10
O OX O XX,10
O OX  OXX,-10
O OX   XX,-10
O OX   X ,-10
O  XOO XX,10
O  XO OXX,0
O  XO  XX,0
O  XO  X ,0
O  X OOXX,0
O  X O XX,0
O  X O X ,0
O  X  OXX,-10
O  X  OX ,10
O  X   XO,10
O  X   X ,-10
OO X    X,10
O OX    X,0
O  XO   X,0
O  X O  X,0
O  X  O X,10
O  X   OX,10
O  X    X,0
O  X     ,0
 OOXXX   ,10
 OOXXOXXO,-10
 OOXXOXX ,-10
XOOXXOXOX,10
 OOXXOXOX,10
 OOXXOX X,-10
 OOXXOX  ,10
 OOXXXXO ,10
 OOXX XOX,-10
 OOXX XO ,10
 OOXXXX O,10
 OOXX XXO,-10
 OOXX X O,10
 OOXX X  ,-10
 OOXXOOXX,10
 OOXXO XX,-10
 OOXXO X ,-10
 OOXXXOX ,10
 OOXX OXX,-10
 OOXX OX ,10
 OOXXX XO,10
 OOXX  XO,10
 OOXX  X ,-10
 OOXXO  X,10
 OOXXXO X,10
 OOXX O X,10
 OOXXX OX,10
 OOXX  OX,10
 OOXX   X,-10
 OOXX    ,10
 O XXOXOX,10
 O XXOXO ,10
 O XXOXXO,-10
 O XXOX O,10
 O XXOX  ,10
 O XXOOXX,0
 O XXOOX ,0
 O XXO XO,0
 O XXO X ,-10
 O XXOO X,10
 O XXO OX,10
 O XXO  X,0
 O XXO   ,10
 O XXXO  ,10
 O XXXOXO,10
 O XX OXO,10
 O XX OX ,0
 O XXXOOX,10
 O XX OOX,10
 O XX O X,10
 O XX O  ,10
 O XXX O ,10
 O XXXXOO,10
 O XX XOO,10
 O XX XO ,10
 O XX  OX,10
 O XX  O ,10
 O XXX  O,10
 O XX X O,10
 O XX  XO,0
 O XX   O,10
 O XX    ,10
 OOXOXXXO,10
 OOXOXXX ,-10
 OOXOXXOX,-10
 OOXOXX X,-10
 OOXOXX  ,10
 OOX XXOX,-10
 OOX XXO ,10
 OOX XXXO,-10
 OOX XX O,10
 OOX XX  ,-10
 OOXOXOXX,-10
 OOXOX XX,-10
 OOXOX X ,-10
 OOX XOXX,-10
 OOX XOX ,10
 OOX X XO,10
 OOX X X ,-10
 OOXOX  X,-10
 OOX XO X,10
 OOX X OX,10
 OOX X  X,-10
 OOX X   ,10
 O XOXXO ,-10
 O XOXXXO,-10
 O XOXX O,10
 O XOXX  ,-10
 O XOXOXX,-10
 O XOXOX ,0
 O XOX XO,0
 O XOX X ,-10
 O XOXO X,10
 O XOX OX,-10
 O XOX  X,-10
 O XOX   ,-10
 O X XOXO,10
 O X XOX ,0
 O X XOOX,10
 O X XO X,10
 O X XO  ,10
 O X XXOO,10
 O X XXO ,-10
 O X X OX,-10
 O X X O ,10
 O X XX O,10
 O X X XO,0
 O X X  O,10
 O X X   ,-10
 OOXO XXX,10
 OOXO XX ,10
 OOX OXXX,10
 OOX OXX ,10
 OOX  XXO,10
 OOX  XX ,-10
 OOXO X X,10
 OOX OX X,10
 OOX  XOX,10
 OOX  X X,-10
 OOX  X  ,10
 O XOOXXX,10
 O XOOXX ,10
 O XO XXO,10
 O XO XX ,10
 O XOOX X,10
 O XO XOX,-10
 O XO X X,-10
 O XO X  ,10
 O X OXXO,10
 O X OXX ,10
 O X OXOX,10
 O X OX X,10
 O X OX  ,10
 O X  XOX,-10
 O X  XO ,10
 O X  XXO,-10
 O X  X O,10
 O X  X  ,-10
 OOXO  XX,10
 OOX O XX,10
 OOX  OXX,-10
 OOX   XX,-10
 OOX   X ,10
 O XOO XX,10
 O XO OXX,0
 O XO  XX,0
 O XO  X ,10
 O X OOXX,0
 O X O XX,0
 O X O X ,10
 O X  OXX,-10
 O X  OX ,0
 O X   XO,0
 O X   X ,0
 OOX    X,10
 O XO   X,0
 O X O  X,10
 O X  O X,10
 O X   OX,10
 O X    X,0
 O X     ,10
  OXXOXOX,0
  OXXOXO ,10
  OXXOX O,-10
  OXXOX  ,-10
  OXXOOXX,10
  OXXOOX ,10
  OXXO XO,-10
  OXXO X ,-10
  OXXOO X,10
  OXXO OX,10
  OXXO  X,0
  OXXO   ,0
  OXXXO  ,10
  OXXXOXO,10
  OXX OXO,10
  OXX OX ,10
  OXXXOOX,10
  OXX OOX,10
  OXX O X,10
  OXX O  ,10
  OXXX O ,10
  OXXXXOO,10
  OXX XOO,10
  OXX XO ,10
  OXX  OX,10
  OXX  O ,10
  OXXX  O,10
  OXX X O,-10
  OXX  XO,-10
  OXX   O,10
  OXX    ,0
  OXOXXOX,-10
  OXOXXO ,10
  OXOXXXO,-10
  OXOXX O,10
  OXOXX  ,-10
  OXOXOX ,-10
  OXOX XO,-10
  OXOX X ,-10
  OXOXO X,-10
  OXOX OX,-10
  OXOX  X,-10
  OXOX   ,-10
  OX XOXO,10
  OX XOX ,-10
  OX XOOX,10
  OX XO X,-10
  OX XO  ,10
  OX XXOO,10
  OX XXO ,10
  OX X OX,-10
  OX X O ,10
  OX XX O,10
  OX X XO,-10
  OX X  O,10
  OX X   ,-10
  OXOOXXX,10
  OXOOXX ,10
  OXO XXO,10
  OXO XX ,10
  OXOOX X,10
  OXO XOX,10
  OXO X X,10
  OXO X  ,10
  OX OXXO,-10
  OX OXX ,-10
  OX OXOX,10
  OX OX X,10
  OX OX  ,10
  OX  XOX,0
  OX  XO ,10
  OX  XXO,-10
  OX  X O,10
  OX  X  ,-10
  OXOO XX,10
  OXO OXX,-10
  OXO  XX,-10
  OXO  X ,10
  OX OOXX,10
  OX O XX,10
  OX O X ,10
  OX  OXX,-10
  OX  OX ,10
  OX   XO,-10
  OX   X ,-10
  OXO   X,10
  OX O  X,10
  OX  O X,10
  OX   OX,10
  OX    X,0
  OX     ,10
   XOXOXO,-10
   XOXOX ,-10
   XOXOOX,10
   XOXO X,-10
   XOXO  ,-10
   XOXXOO,10
   XOXXO ,-10
   XOX OX,-10
   XOX O ,-10
   XOXX O,-10
   XOX XO,-10
   XOX  O,-10
   XOX   ,-10
   XOOXXO,10
   XOOXX ,10
   XOOXOX,10
   XOOX X,10
   XOOX  ,10
   XO XOX,-10
   XO XO ,10
   XO XXO,-10
   XO X O,10
   XO X  ,0
   XOOOXX,0
   XOO XX,0
   XOO X ,10
   XO OXX,-10
   XO OX ,0
   XO  XO,0
   XO  X ,0
   XOO  X,10
   XO O X,0
   XO  OX,0
   XO   X,0
   XO    ,0
   XXOOXO,10
   XXOOX ,0
   XXOOOX,10
   XXOO X,0
   XXOO  ,0
   XXOXOO,10
   XXOXO ,10
   XXO OX,0
   XXO O ,10
   XXOX O,-10
   XXO XO,-10
   XXO  O,0
   XXO   ,0
   X OXOX,0
   X OXO ,10
   X OXXO,-10
   X OX O,10
   X OX  ,0
   X OOXX,0
   X OOX ,0
   X O XO,10
   X O X ,0
   X OO X,0
   X O OX,10
   X O  X,0
   X O   ,0
   XXXOO ,10
   XX OOX,10
   XX OO ,10
   XXXO O,10
   XX OXO,10
   XX O O,10
   XX O  ,0
   X XOOX,10
   X XOO ,10
   X XOXO,-10
   X XO O,10
   X XO  ,-10
   X  OXO,10
   X  OX ,0
   X  OOX,10
   X  O X,0
   X  O  ,0
   XXX OO,10
   XX XOO,10
   XX  OO,10
   XX  O ,10
   X XXOO,10
   X X OO,10
   X X O ,-10
   X  XOO,10
   X  XO ,10
   X   OX,0
   X   O ,10
   XX   O,0
   X X  O,-10
   X  X O,10
   X   XO,-10
   X    O,10
   X     ,0
OOO XXX  ,-10
OOOOXXXX ,-10
OO OXXXXO,10
OO OXXXX ,-10
OOOOXXX X,-10
OOXOXXXOX,10
OO OXXXOX,10
OO OXXX X,-10
OO OXXX  ,10
OOO XXXOX,-10
OO  XXXOX,-10
OO  XXXO ,10
OOO XXXXO,-10
OO  XXXXO,-10
OO  XXX O,10
OO  XXX  ,-10
OOO XX X ,-10
OOOOXX XX,-10
OO OXXOXX,-10
OO OXX XX,-10
OO OXX X ,-10
OOO XXOXX,-10
OO  XXOXX,-10
OO  XXOX ,10
OO  XX XO,10
OO  XX X ,-10
OOO XX  X,-10
OO OXX  X,10
OO  XXO X,10
OO  XX OX,10
OO  XX  X,-10
OO  XX   ,10
O OOXXXXO,10
O OOXXXX ,-10
O OOXXXOX,0
O OOXXX X,-10
O OOXXX  ,0
O O XXXOX,-10
O O XXXO ,10
O O XXXXO,-10
O O XXX O,10
O O XXX  ,-10
O OOXXOXX,-10
O OOXX XX,-10
O OOXX X ,10
O O XXOXX,-10
O O XXOX ,10
O O XX XO,10
O O XX X ,-10
O OOXX  X,-10
O O XXO X,10
O O XX OX,10
O O XX  X,-10
O O XX   ,10
O  OXXXOX,0
O  OXXXO ,10
O  OXXXXO,10
O  OXXX O,10
O  OXXX  ,0
O  OXXOX ,-10
O  OXX XO,10
O  OXX X ,-10
O  OXXO X,-10
O  OXX OX,10
O  OXX  X,-10
O  OXX   ,0
O   XXOXO,10
O   XXOX ,-10
O   XXOOX,10
O   XXO X,-10
O   XXO  ,10
O   XXXOO,10
O   XXXO ,10
O   XX OX,10
O   XX O ,10
O   XXX O,10
O   XX XO,10
O   XX  O,10
O   XX   ,0
OOO X XX ,-10
OO OX XXX,10
OO OX XX ,10
OO  XOXXX,10
OO  XOXX ,10
OO  X XXO,10
OO  X XX ,-10
OOO X X X,-10
OO OX X X,10
OO  XOX X,10
OO  X XOX,10
OO  X X X,-10
OO  X X  ,10
O OOX XXX,10
O OOX XX ,10
O O XOXXX,10
O O XOXX ,10
O O X XXO,10
O O X XX ,-10
O OOX X X,10
O O XOX X,10
O O X XOX,0
O O X X X,-10
O O X X  ,0
O  OXOXXX,10
O  OXOXX ,10
O  OX XXO,10
O  OX XX ,10
O  OXOX X,10
O  OX XOX,10
O  OX X X,10
O  OX X  ,10
O   XOXXO,10
O   XOXX ,10
O   XOXOX,10
O   XOX X,10
O   XOX  ,10
O   X XOX,0
O   X XO ,10
O   X XXO,10
O   X X O,10
O   X X  ,0
OOO X  XX,-10
OO OX  XX,10
OO  XO XX,10
OO  X OXX,-10
OO  X  XX,-10
OO  X  X ,0
O OOX  XX,10
O O XO XX,10
O O X OXX,10
O O X  XX,-10
O O X  X ,10
O  OXO XX,10
O  OX OXX,-10
O  OX  XX,-10
O  OX  X ,10
O   XOOXX,10
O   XO XX,10
O   XO X ,10
O   X OXX,-10
O   X OX ,10
O   X  XO,10
O   X  X ,0
OO  X   X,10
O O X   X,0
O  OX   X,10
O   XO  X,10
O   X O X,0
O   X  OX,10
O   X   X,0
O   X    ,0
 OOOXXXXO,0
 OOOXXXX ,-10
 OOOXXXOX,10
 OOOXXX X,-10
 OOOXXX  ,0
 OO XXXOX,-10
 OO XXXO ,10
 OO XXXXO,-10
 OO XXX O,10
 OO XXX  ,-10
 OOOXXOXX,10
 OOOXX XX,-10
 OOOXX X ,0
 OO XXOXX,-10
 OO XXOX ,10
 OO XX XO,10
 OO XX X ,-10
 OOOXX  X,10
 OO XXO X,10
 OO XX OX,10
 OO XX  X,-10
 OO XX   ,10
 O OXXXOX,10
 O OXXXO ,10
 O OXXXXO,0
 O OXXX O,10
 O OXXX  ,0
 O OXXOXX,-10
 O OXXOX ,0
 O OXX XO,0
 O OXX X ,-10
 O OXXO X,10
 O OXX OX,10
 O OXX  X,10
 O OXX   ,10
 O  XXOXO,10
 O  XXOX ,0
 O  XXOOX,10
 O  XXO X,10
 O  XXO  ,10
 O  XXXOO,10
 O  XXXO ,10
 O  XX OX,10
 O  XX O ,10
 O  XXX O,10
 O  XX XO,0
 O  XX  O,10
 O  XX   ,10
 OOOX XXX,10
 OOOX XX ,10
 OO XOXXX,10
 OO XOXX ,10
 OO X XXO,-10
 OO X XX ,-10
 OOOX X X,10
 OO XOX X,10
 OO X XOX,10
 OO X X X,-10
 OO X X  ,10
 O OXOXXX,10
 O OXOXX ,10
 O OX XXO,10
 O OX XX ,10
 O OXOX X,10
 O OX XOX,10
 O OX X X,10
 O OX X  ,10
 O  XOXXO,10
 O  XOXX ,10
 O  XOXOX,10
 O  XOX X,10
 O  XOX  ,10
 O  X XOX,10
 O  X XO ,10
 O  X XXO,-10
 O  X X O,10
 O  X X  ,10
 OOOX  XX,10
 OO XO XX,10
 OO X OXX,10
 OO X  XX,-10
 OO X  X ,0
 O OXO XX,10
 O OX OXX,10
 O OX  XX,10
 O OX  X ,10
 O  XOOXX,10
 O  XO XX,10
 O  XO X ,10
 O  X OXX,-10
 O  X OX ,0
 O  X  XO,0
 O  X  X ,0
 OO X   X,10
 O OX   X,10
 O  XO  X,10
 O  X O X,10
 O  X  OX,10
 O  X   X,10
 O  X    ,10
  OOXXXOX,0
  OOXXXO ,0
  OOXXXXO,0
  OOXXX O,0
  OOXXX  ,0
  OOXXOXX,-10
  OOXXOX ,10
  OOXX XO,10
  OOXX X ,0
  OOXXO X,10
  OOXX OX,10
  OOXX  X,-10
  OOXX   ,0
  O XXOXO,10
  O XXOX ,10
  O XXOOX,10
  O XXO X,10
  O XXO  ,10
  O XXXOO,10
  O XXXO ,0
  O XX OX,10
  O XX O ,10
  O XXX O,0
  O XX XO,10
  O XX  O,10
  O XX   ,0
  OOXOXXX,10
  OOXOXX ,10
  OOX XXO,10
  OOX XX ,10
  OOXOX X,10
  OOX XOX,10
  OOX X X,10
  OOX X  ,10
  O XOXXO,-10
  O XOXX ,-10
  O XOXOX,10
  O XOX X,10
  O XOX  ,10
  O X XOX,0
  O X XO ,10
  O X XXO,-10
  O X X O,0
  O X X  ,0
  OOXO XX,10
  OOX OXX,10
  OOX  XX,10
  OOX  X ,10
  O XOOXX,10
  O XO XX,10
  O XO X ,10
  O X OXX,10
  O X OX ,10
  O X  XO,10
  O X  X ,0
  OOX   X,10
  O XO  X,10
  O X O X,10
  O X  OX,10
  O X   X,0
  O X    ,0
   OXXOXO,10
   OXXOX ,-10
   OXXOOX,10
   OXXO X,-10
   OXXO  ,0
   OXXXOO,10
   OXXXO ,0
   OXX OX,10
   OXX O ,10
   OXXX O,0
   OXX XO,0
   OXX  O,0
   OXX   ,0
   OXOXXO,10
   OXOXX ,10
   OXOXOX,10
   OXOX X,10
   OXOX  ,10
   OX XOX,10
   OX XO ,10
   OX XXO,10
   OX X O,10
   OX X  ,10
   OXOOXX,10
   OXO XX,10
   OXO X ,10
   OX OXX,-10
   OX OX ,10
   OX  XO,10
   OX  X ,10
   OXO  X,10
   OX O X,10
   OX  OX,10
   OX   X,10
   OX    ,10
    XOXOX,10
    XOXO ,10
    XOXXO,-10
    XOX O,10
    XOX  ,10
    XOOXX,10
    XOOX ,10
    XO XO,10
    XO X ,10
    XOO X,10
    XO OX,10
    XO  X,10
    XO   ,10
    XXOOX,10
    XXOO ,10
    XXOXO,10
    XXO O,10
    XXO  ,0
    X OXO,10
    X OX ,0
    X OOX,10
    X O X,0
    X O  ,0
    XXXOO,10
    XX OO,10
    XX O ,10
    X XOO,10
    X XO ,10
    X  OX,10
    X  O ,10
    XX  O,0
    X X O,0
    X  XO,0
    X   O,0
    X    ,0
OOO  XXX ,-10
OO O XXXX,10
OO O XXX ,10
OO  OXXXX,10
OO  OXXX ,10
OO   XXXO,-10
OO   XXX ,-10
OOO  XX X,-10
OO O XX X,10
OO  OXX X,10
OO   XXOX,10
OO   XX X,-10
OO   XX  ,10
O OO XXXX,10
O OO XXX ,10
O O OXXXX,10
O O OXXX ,10
O O  XXXO,-10
O O  XXX ,-10
O OO XX X,10
O O OXX X,10
O O  XXOX,0
O O  XX X,-10
O O  XX  ,0
O  OOXXXX,10
O  OOXXX ,10
O  O XXXO,10
O  O XXX ,10
O  OOXX X,10
O  O XXOX,10
O  O XX X,10
O  O XX  ,10
O   OXXXO,-10
O   OXXX ,-10
O   OXXOX,10
O   OXX X,10
O   OXX  ,10
O    XXOX,0
O    XXO ,10
O    XXXO,-10
O    XX O,10
O    XX  ,0
OOO  X XX,-10
OO O X XX,10
OO  OX XX,10
OO   XOXX,10
OO   X XX,-10
OO   X X ,10
O OO X XX,10
O O OX XX,10
O O  XOXX,-10
O O  X XX,-10
O O  X X ,-10
O  OOX XX,10
O  O XOXX,-10
O  O X XX,-10
O  O X X ,10
O   OXOXX,10
O   OX XX,10
O   OX X ,10
O    XOXX,-10
O    XOX ,-10
O    X XO,10
O    X X ,-10
OO   X  X,10
O O  X  X,-10
O  O X  X,10
O   OX  X,10
O    XO X,10
O    X OX,10
O    X  X,-10
O    X   ,10
 OOO XXXX,10
 OOO XXX ,10
 OO OXXXX,10
 OO OXXX ,10
 OO  XXXO,0
 OO  XXX ,-10
 OOO XX X,10
 OO OXX X,10
 OO  XXOX,-10
 OO  XX X,-10
 OO  XX  ,10
 O OOXXXX,10
 O OOXXX ,10
 O O XXXO,0
 O O XXX ,0
 O OOXX X,10
 O O XXOX,10
 O O XX X,10
 O O XX  ,10
 O  OXXXO,0
 O  OXXX ,0
 O  OXXOX,-10
 O  OXX X,-10
 O  OXX  ,0
 O   XXOX,-10
 O   XXO ,10
 O   XXXO,-10
 O   XX O,10
 O   XX  ,0
 OOO X XX,10
 OO OX XX,10
 OO  XOXX,-10
 OO  X XX,-10
 OO  X X ,10
 O OOX XX,10
 O O XOXX,10
 O O X XX,10
 O O X X ,10
 O  OXOXX,10
 O  OX XX,10
 O  OX X ,10
 O   XOXX,-10
 O   XOX ,0
 O   X XO,0
 O   X X ,0
 OO  X  X,-10
 O O X  X,10
 O  OX  X,10
 O   XO X,10
 O   X OX,10
 O   X  X,-10
 O   X   ,10
  OOOXXXX,10
  OOOXXX ,10
  OO XXXO,0
  OO XXX ,0
  OOOXX X,10
  OO XXOX,0
  OO XX X,0
  OO XX  ,0
  O OXXXO,0
  O OXXX ,0
  O OXXOX,0
  O OXX X,0
  O OXX  ,0
  O  XXOX,-10
  O  XXO ,10
  O  XXXO,-10
  O  XX O,10
  O  XX  ,0
  OOOX XX,10
  OO XOXX,-10
  OO X XX,-10
  OO X X ,0
  O OXOXX,-10
  O OX XX,-10
  O OX X ,0
  O  XOXX,-10
  O  XOX ,10
  O  X XO,10
  O  X X ,-10
  OO X  X,0
  O OX  X,0
  O  XO X,10
  O  X OX,10
  O  X  X,-10
  O  X   ,0
   OOXXXO,0
   OOXXX ,0
   OOXXOX,10
   OOXX X,10
   OOXX  ,10
   O XXOX,0
   O XXO ,10
   O XXXO,0
   O XX O,0
   O XX  ,0
   OOXOXX,10
   OOX XX,10
   OOX X ,10
   O XOXX,-10
   O XOX ,10
   O X XO,0
   O X X ,0
   OOX  X,10
   O XO X,10
   O X OX,10
   O X  X,0
   O X   ,0
    OXXOX,-10
    OXXO ,0
    OXXXO,-10
    OXX O,0
    OXX  ,0
    OXOXX,-10
    OXOX ,0
    OX XO,0
    OX X ,0
    OXO X,10
    OX OX,10
    OX  X,0
    OX   ,0
     XOXO,10
     XOX ,-10
     XOOX,10
     XO X,10
     XO  ,10
     XXOO,10
     XXO ,0
     X OX,10
     X O ,10
     XX O,0
     X XO,0
     X  O,0
     X   ,0
OO    XXX,10
OO    XX ,10
O O   XXX,10
O O   XX ,10
O  O  XXX,10
O  O  XX ,10
O   O XXX,10
O   O XX ,10
O    OXXX,10
O    OXX ,10
O     XXO,10
O     XX ,10
OO    X X,10
O O   X X,10
O  O  X X,10
O   O X X,10
O    OX X,10
O     XOX,10
O     X X,10
O     X  ,10
 OO   XXX,10
 OO   XX ,10
 O O  XXX,10
 O O  XX ,10
 O  O XXX,10
 O  O XX ,10
 O   OXXX,10
 O   OXX ,10
 O    XXO,0
 O    XX ,0
 OO   X X,10
 O O  X X,10
 O  O X X,10
 O   OX X,10
 O    XOX,10
 O    X X,10
 O    X  ,10
  OO  XXX,10
  OO  XX ,10
  O O XXX,10
  O O XX ,10
  O  OXXX,10
  O  OXX ,10
  O   XXO,-10
  O   XX ,-10
  OO  X X,10
  O O X X,10
  O  OX X,10
  O   XOX,10
  O   X X,10
  O   X  ,10
   OO XXX,10
   OO XX ,10
   O OXXX,10
   O OXX ,10
   O  XXO,10
   O  XX ,10
   OO X X,10
   O OX X,10
   O  XOX,10
   O  X X,10
   O  X  ,10
    OOXXX,10
    OOXX ,10
    O XXO,0
    O XX ,0
    OOX X,10
    O XOX,0
    O X X,0
    O X  ,0
     OXXO,-10
     OXX ,-10
     OXOX,10
     OX X,10
     OX  ,10
      XOX,0
      XO ,10
      XXO,-10
      X O,10
      X  ,0
OO     XX,10
O O    XX,10
O  O   XX,10
O   O  XX,10
O    O XX,10
O     OXX,-10
O      XX,-10
O      X ,10
 OO    XX,10
 O O   XX,10
 O  O  XX,10
 O   O XX,10
 O    OXX,0
 O     XX,0
 O     X ,0
  OO   XX,10
  O O  XX,10
  O  O XX,10
  O   OXX,10
  O    XX,10
  O    X ,10
   OO  XX,10
   O O XX,10
   O  OXX,-10
   O   XX,-10
   O   X ,10
    OO XX,10
    O OXX,0
    O  XX,0
    O  X ,0
     OOXX,10
     O XX,10
     O X ,10
      OXX,-10
      OX ,0
       XO,0
       X ,0
O       X,10
 O      X,10
  O     X,10
   O    X,10
    O   X,0
     O  X,10
      O X,10
       OX,10
        X,0
